{
	"partitions" : [
		{
			"name" : "Top",
			"pins" : [
				{
					"name" : "spi_sdo",
					"strict" : false
				},
				{
					"name" : "DAC[0]",
					"strict" : false
				},
				{
					"name" : "DAC[1]",
					"strict" : false
				},
				{
					"name" : "DAC[2]",
					"strict" : false
				},
				{
					"name" : "DAC[3]",
					"strict" : false
				},
				{
					"name" : "DAC[4]",
					"strict" : false
				},
				{
					"name" : "DAC[5]",
					"strict" : false
				},
				{
					"name" : "DAC[6]",
					"strict" : false
				},
				{
					"name" : "DAC[7]",
					"strict" : false
				},
				{
					"name" : "demod",
					"strict" : false
				},
				{
					"name" : "clk_fx",
					"strict" : false
				},
				{
					"name" : "sys_rst_n",
					"strict" : false
				},
				{
					"name" : "spi_sel",
					"strict" : false
				},
				{
					"name" : "spi_scl",
					"strict" : false
				},
				{
					"name" : "spi_sdi",
					"strict" : false
				},
				{
					"name" : "data_in[5]",
					"strict" : false
				},
				{
					"name" : "data_in[6]",
					"strict" : false
				},
				{
					"name" : "data_in[7]",
					"strict" : false
				},
				{
					"name" : "data_in[8]",
					"strict" : false
				},
				{
					"name" : "data_in[9]",
					"strict" : false
				},
				{
					"name" : "data_in[10]",
					"strict" : false
				},
				{
					"name" : "data_in[11]",
					"strict" : false
				},
				{
					"name" : "data_in[0]",
					"strict" : false
				},
				{
					"name" : "data_in[4]",
					"strict" : false
				},
				{
					"name" : "data_in[3]",
					"strict" : false
				},
				{
					"name" : "data_in[2]",
					"strict" : false
				},
				{
					"name" : "data_in[1]",
					"strict" : false
				},
				{
					"name" : "altera_reserved_tms",
					"strict" : false
				},
				{
					"name" : "altera_reserved_tck",
					"strict" : false
				},
				{
					"name" : "altera_reserved_tdi",
					"strict" : false
				},
				{
					"name" : "altera_reserved_tdo",
					"strict" : false
				}
			]
		}
	]
}