# system info fir_fsk on 2023.08.02.19:24:37
system_info:
name,value
DEVICE,10M08SAM153C8GES
DEVICE_FAMILY,MAX 10
GENERATION_ID,1690975475
#
#
# Files generated for fir_fsk on 2023.08.02.19:24:37
files:
filepath,kind,attributes,module,is_top
simulation/fir_fsk.v,VERILOG,,fir_fsk,true
simulation/submodules/dspba_library_package.vhd,VHDL,,fir_fsk_fir_compiler_ii_0,false
simulation/submodules/dspba_library.vhd,VHDL,,fir_fsk_fir_compiler_ii_0,false
simulation/submodules/auk_dspip_math_pkg_hpfir.vhd,VHDL,,fir_fsk_fir_compiler_ii_0,false
simulation/submodules/auk_dspip_lib_pkg_hpfir.vhd,VHDL,,fir_fsk_fir_compiler_ii_0,false
simulation/submodules/auk_dspip_avalon_streaming_controller_hpfir.vhd,VHDL,,fir_fsk_fir_compiler_ii_0,false
simulation/submodules/auk_dspip_avalon_streaming_sink_hpfir.vhd,VHDL,,fir_fsk_fir_compiler_ii_0,false
simulation/submodules/auk_dspip_avalon_streaming_source_hpfir.vhd,VHDL,,fir_fsk_fir_compiler_ii_0,false
simulation/submodules/auk_dspip_roundsat_hpfir.vhd,VHDL,,fir_fsk_fir_compiler_ii_0,false
simulation/submodules/altera_avalon_sc_fifo.v,VERILOG,,fir_fsk_fir_compiler_ii_0,false
simulation/submodules/fir_fsk_fir_compiler_ii_0_rtl_core_u0_m0_wo0_cm0_lutmem.hex,HEX,,fir_fsk_fir_compiler_ii_0,false
simulation/submodules/fir_fsk_fir_compiler_ii_0_rtl_core_u0_m0_wo0_cm1_lutmem.hex,HEX,,fir_fsk_fir_compiler_ii_0,false
simulation/submodules/fir_fsk_fir_compiler_ii_0_rtl_core_u0_m0_wo0_wi0_r0_ra1_count1_lut_lutmem.hex,HEX,,fir_fsk_fir_compiler_ii_0,false
simulation/submodules/fir_fsk_fir_compiler_ii_0_rtl_core.vhd,VHDL,,fir_fsk_fir_compiler_ii_0,false
simulation/submodules/fir_fsk_fir_compiler_ii_0_ast.vhd,VHDL,,fir_fsk_fir_compiler_ii_0,false
simulation/submodules/fir_fsk_fir_compiler_ii_0.vhd,VHDL,,fir_fsk_fir_compiler_ii_0,false
simulation/submodules/fir_fsk_fir_compiler_ii_0_nativelink.tcl,OTHER,,fir_fsk_fir_compiler_ii_0,false
simulation/submodules/fir_fsk_fir_compiler_ii_0_msim.tcl,OTHER,,fir_fsk_fir_compiler_ii_0,false
simulation/submodules/fir_fsk_fir_compiler_ii_0_tb.vhd,VHDL,,fir_fsk_fir_compiler_ii_0,false
simulation/submodules/fir_fsk_fir_compiler_ii_0_mlab.m,OTHER,,fir_fsk_fir_compiler_ii_0,false
simulation/submodules/fir_fsk_fir_compiler_ii_0_model.m,OTHER,,fir_fsk_fir_compiler_ii_0,false
simulation/submodules/fir_fsk_fir_compiler_ii_0_coef_int.txt,OTHER,,fir_fsk_fir_compiler_ii_0,false
simulation/submodules/fir_fsk_fir_compiler_ii_0_input.txt,OTHER,,fir_fsk_fir_compiler_ii_0,false
simulation/submodules/fir_fsk_fir_compiler_ii_0_param.txt,OTHER,,fir_fsk_fir_compiler_ii_0,false
#
# Map from instance-path to kind of module
instances:
instancePath,module
fir_fsk.fir_compiler_ii_0,fir_fsk_fir_compiler_ii_0
