<?xml version="1.0" encoding="UTF-8"?>
<deploy
 date="2023.08.02.19:24:44"
 outputDirectory="D:/FPGA/ad9226_fft_spi_7.20/prj/ip_FIR_FSK/fir_fsk/">
 <perimeter>
  <parameter
     name="AUTO_GENERATION_ID"
     type="Integer"
     defaultValue="0"
     onHdl="0"
     affectsHdl="1" />
  <parameter
     name="AUTO_UNIQUE_ID"
     type="String"
     defaultValue=""
     onHdl="0"
     affectsHdl="1" />
  <parameter
     name="AUTO_DEVICE_FAMILY"
     type="String"
     defaultValue="MAX 10"
     onHdl="0"
     affectsHdl="1" />
  <parameter
     name="AUTO_DEVICE"
     type="String"
     defaultValue="10M08SAM153C8GES"
     onHdl="0"
     affectsHdl="1" />
  <parameter
     name="AUTO_DEVICE_SPEEDGRADE"
     type="String"
     defaultValue="8"
     onHdl="0"
     affectsHdl="1" />
  <parameter
     name="AUTO_CLK_CLOCK_RATE"
     type="Long"
     defaultValue="-1"
     onHdl="0"
     affectsHdl="1" />
  <parameter
     name="AUTO_CLK_CLOCK_DOMAIN"
     type="Integer"
     defaultValue="-1"
     onHdl="0"
     affectsHdl="1" />
  <parameter
     name="AUTO_CLK_RESET_DOMAIN"
     type="Integer"
     defaultValue="-1"
     onHdl="0"
     affectsHdl="1" />
  <interface name="avalon_streaming_sink" kind="avalon_streaming" start="0">
   <property name="associatedClock" value="clk" />
   <property name="associatedReset" value="rst" />
   <property name="beatsPerCycle" value="1" />
   <property name="dataBitsPerSymbol" value="12" />
   <property name="emptyWithinPacket" value="false" />
   <property name="errorDescriptor" value="" />
   <property name="firstSymbolInHighOrderBits" value="true" />
   <property name="highOrderSymbolAtMSB" value="false" />
   <property name="maxChannel" value="0" />
   <property name="packetDescription" value="" />
   <property name="readyLatency" value="0" />
   <property name="symbolsPerBeat" value="1" />
   <port name="ast_sink_data" direction="input" role="data" width="12" />
   <port name="ast_sink_valid" direction="input" role="valid" width="1" />
   <port name="ast_sink_error" direction="input" role="error" width="2" />
   <port name="ast_sink_ready" direction="output" role="ready" width="1" />
  </interface>
  <interface name="avalon_streaming_source" kind="avalon_streaming" start="1">
   <property name="associatedClock" value="clk" />
   <property name="associatedReset" value="rst" />
   <property name="beatsPerCycle" value="1" />
   <property name="dataBitsPerSymbol" value="32" />
   <property name="emptyWithinPacket" value="false" />
   <property name="errorDescriptor" value="" />
   <property name="firstSymbolInHighOrderBits" value="true" />
   <property name="highOrderSymbolAtMSB" value="false" />
   <property name="maxChannel" value="0" />
   <property name="packetDescription" value="" />
   <property name="readyLatency" value="0" />
   <property name="symbolsPerBeat" value="1" />
   <port name="ast_source_data" direction="output" role="data" width="32" />
   <port name="ast_source_valid" direction="output" role="valid" width="1" />
   <port name="ast_source_error" direction="output" role="error" width="2" />
   <port name="ast_source_ready" direction="input" role="ready" width="1" />
  </interface>
  <interface name="clk" kind="clock" start="0">
   <property name="clockRate" value="0" />
   <property name="externallyDriven" value="false" />
   <property name="ptfSchematicName" value="" />
   <port name="clk" direction="input" role="clk" width="1" />
  </interface>
  <interface name="rst" kind="reset" start="0">
   <property name="associatedClock" value="clk" />
   <property name="synchronousEdges" value="DEASSERT" />
   <port name="reset_n" direction="input" role="reset_n" width="1" />
  </interface>
 </perimeter>
 <entity
   path=""
   parameterizationKey="fir_fsk:1.0:AUTO_CLK_CLOCK_DOMAIN=-1,AUTO_CLK_CLOCK_RATE=-1,AUTO_CLK_RESET_DOMAIN=-1,AUTO_DEVICE=10M08SAM153C8GES,AUTO_DEVICE_FAMILY=MAX 10,AUTO_DEVICE_SPEEDGRADE=8,AUTO_GENERATION_ID=1690975482,AUTO_UNIQUE_ID=(altera_fir_compiler_ii:17.1:L_bandsFilter=1,MODE_STRING=None Set,ModeWidth=0,backPressure=true,bankCount=1,bankDisplay=0,bankInWidth=0,baseAddress=0,busAddressWidth=8,busDataWidth=16,chanPerInputInterface=1,chanPerOutputInterface=1,channelModes=0,1,2,3,clockRate=96,clockSlack=0,coeffBitWidth=12,coeffBitWidth_derived=12,coeffComplex=false,coeffFracBitWidth=0,coeffNum=129,coeffReload=false,coeffScaling=auto,coeffSetFixedValue=162,163,166,172,180,190,202,217,233,252,272,295,320,346,375,405,437,470,505,541,579,618,658,699,742,785,829,873,918,964,1010,1056,1102,1148,1195,1240,1286,1331,1376,1420,1463,1506,1547,1587,1626,1664,1701,1736,1770,1802,1832,1860,1887,1912,1935,1956,1975,1991,2006,2018,2028,2036,2042,2045,2046,2045,2042,2036,2028,2018,2006,1991,1975,1956,1935,1912,1887,1860,1832,1802,1770,1736,1701,1664,1626,1587,1547,1506,1463,1420,1376,1331,1286,1240,1195,1148,1102,1056,1010,964,918,873,829,785,742,699,658,618,579,541,505,470,437,405,375,346,320,295,272,252,233,217,202,190,180,172,166,163,162,coeffSetFixedValueImag=0,0,0,0,0,0,0,0,coeffSetRealValue=0.001146387122,0.001154686808,0.001178856528,0.001218853137,0.001274594841,0.001345961371,0.001432794263,0.001534897214,0.001652036545,0.001783941752,0.001930306146,0.002090787582,0.002265009278,0.002452560719,0.00265299864,0.002865848095,0.003090603605,0.003326730374,0.003573665584,0.00383081976,0.004097578196,0.004373302446,0.004657331877,0.00494898527,0.005247562482,0.005552346142,0.005862603406,0.006177587733,0.006496540712,0.006818693907,0.007143270732,0.007469488345,0.007796559563,0.008123694778,0.008450103891,0.008774998239,0.009097592527,0.009417106741,0.009732768064,0.010043812757,0.010349488035,0.010649053907,0.010941784985,0.011226972263,0.011503924849,0.011771971661,0.012030463068,0.012278772483,0.012516297898,0.012742463355,0.012956720365,0.013158549244,0.013347460394,0.013522995498,0.013684728646,0.01383226738,0.013965253651,0.014083364706,0.01418631387,0.014273851256,0.014345764373,0.014401878653,0.01444205787,0.014466204484,0.014474259875,0.014466204484,0.01444205787,0.014401878653,0.014345764373,0.014273851256,0.01418631387,0.014083364706,0.013965253651,0.01383226738,0.013684728646,0.013522995498,0.013347460394,0.013158549244,0.012956720365,0.012742463355,0.012516297898,0.012278772483,0.012030463068,0.011771971661,0.011503924849,0.011226972263,0.010941784985,0.010649053907,0.010349488035,0.010043812757,0.009732768064,0.009417106741,0.009097592527,0.008774998239,0.008450103891,0.008123694778,0.007796559563,0.007469488345,0.007143270732,0.006818693907,0.006496540712,0.006177587733,0.005862603406,0.005552346142,0.005247562482,0.00494898527,0.004657331877,0.004373302446,0.004097578196,0.00383081976,0.003573665584,0.003326730374,0.003090603605,0.002865848095,0.00265299864,0.002452560719,0.002265009278,0.002090787582,0.001930306146,0.001783941752,0.001652036545,0.001534897214,0.001432794263,0.001345961371,0.001274594841,0.001218853137,0.001178856528,0.001154686808,0.001146387122,coeffSetRealValueImag=0.0, 0.0, 0.0, 0.0, 0.0, 0.0, 0.0, 0.0, 0.0, 0.0, 0.0, 0.0, -0.0530093, -0.04498, 0.0, 0.0749693, 0.159034, 0.224907, 0.249809, 0.224907, 0.159034, 0.0749693, 0.0, -0.04498, -0.0530093, -0.0321283, 0.0, 0.0, 0.0, 0.0, 0.0, 0.0, 0.0, 0.0, 0.0, 0.0, 0.0,coeffSetScaleValue=0.0011454958963116756,0.0011525668586345873,0.001173779745603322,0.0012162055195407914,0.001272773218124084,0.0013434828413531998,0.0014283343892281387,0.0015343988240718125,0.0016475342212383976,0.0017818825053737177,0.0019233017518319492,0.0020859338852589155,0.002262707943331705,0.002446552963727406,0.002651610871091842,0.002863739740779189,0.0030900105351123596,0.0033233522917684418,0.003570835973070347,0.003825390616695164,0.004094087184965804,0.004369854715559355,0.0046526932084758185,0.004942602663715193,0.0052466540436003906,0.005550705423485589,0.0058618277656936986,0.006172950107901807,0.006491143412432829,0.006816407679286761,0.007141671946140694,0.007466936212994627,0.007792200479848559,0.008117464746702491,0.008449799975879337,0.008767993280410356,0.00909325754726429,0.00941145085179531,0.009729644156326331,0.01004076649853444,0.010344817878419638,0.010648869258304836,0.010938778713544211,0.011221617206460675,0.011497384737054226,0.011766081305324865,0.012027706911272595,0.0122751905925745,0.012515603311553493,0.012741874105886664,0.012954002975574011,0.013151989920615535,0.013342905903334147,0.013519679961406936,0.013682312094833903,0.013830802303615046,0.013965150587750367,0.014078285984916951,0.014184350419760626,0.014269201967635564,0.01433991159086468,0.014396479289447973,0.014438905063385443,0.014460117950354177,0.014467188912677089,0.014460117950354177,0.014438905063385443,0.014396479289447973,0.01433991159086468,0.014269201967635564,0.014184350419760626,0.014078285984916951,0.013965150587750367,0.013830802303615046,0.013682312094833903,0.013519679961406936,0.013342905903334147,0.013151989920615535,0.012954002975574011,0.012741874105886664,0.012515603311553493,0.0122751905925745,0.012027706911272595,0.011766081305324865,0.011497384737054226,0.011221617206460675,0.010938778713544211,0.010648869258304836,0.010344817878419638,0.01004076649853444,0.009729644156326331,0.00941145085179531,0.00909325754726429,0.008767993280410356,0.008449799975879337,0.008117464746702491,0.007792200479848559,0.007466936212994627,0.007141671946140694,0.006816407679286761,0.006491143412432829,0.006172950107901807,0.0058618277656936986,0.005550705423485589,0.0052466540436003906,0.004942602663715193,0.0046526932084758185,0.004369854715559355,0.004094087184965804,0.003825390616695164,0.003570835973070347,0.0033233522917684418,0.0030900105351123596,0.002863739740779189,0.002651610871091842,0.002446552963727406,0.002262707943331705,0.0020859338852589155,0.0019233017518319492,0.0017818825053737177,0.0016475342212383976,0.0015343988240718125,0.0014283343892281387,0.0013434828413531998,0.001272773218124084,0.0012162055195407914,0.001173779745603322,0.0011525668586345873,0.0011454958963116756,coeffSetScaleValueImag=0.0,0.0,0.0,0.0,0.0,0.0,0.0,0.0,coeffType=int,coefficientReadback=false,coefficientWriteable=false,decimFactor=1,delayRAMBlockThreshold=20,deviceFamily=MAX 10,dspCount=2,dualMemDistRAMThreshold=1280,errorList=0,filterType=single,funcResult=-interp=1 -decim=1 -incycles=116 -len=129 -bankcount=1 -nsym -nband=1 -chans=1 -family=&quot;MAX 10&quot; 
|{}|1|1|1|1|32|0|19|3|noCode|LUTS: 240 DSPs: 2 RAM Bits: 5152|,hardMultiplierThreshold=-1,inputBitWidth=12,inputChannelNum=1,inputFracBitWidth=0,inputInterfaceNum=1,inputRate=0.820513,inputType=int,interpFactor=1,karatsuba=false,latency=19,latency_realOnly=19,lutCount=240,mRAMThreshold=1000000,memBitCount=5152,modeFormatted=--,num_modes=2,outBitWidth=32,outFracBitWidth=0,outFullFracBitWidth=0,outFullFracBitWidth_realOnly=0,outLSBRound=trunc,outLsbBitRem=0,outMSBRound=trunc,outMsbBitRem=0,outType=int,outWidth=32,outWidth_realOnly=32,outputInterfaceNum=1,outputfifodepth=4,outputfifodepth_realOnly=3,readWriteMode=read_write,reconfigurable=false,reconfigurable_list=0,speedGrade=medium,symmetryMode=nsym)"
   instancePathKey="fir_fsk"
   kind="fir_fsk"
   version="1.0"
   name="fir_fsk">
  <parameter name="AUTO_CLK_CLOCK_RATE" value="-1" />
  <parameter name="AUTO_GENERATION_ID" value="1690975482" />
  <parameter name="AUTO_DEVICE" value="10M08SAM153C8GES" />
  <parameter name="AUTO_DEVICE_FAMILY" value="MAX 10" />
  <parameter name="AUTO_CLK_RESET_DOMAIN" value="-1" />
  <parameter name="AUTO_CLK_CLOCK_DOMAIN" value="-1" />
  <parameter name="AUTO_UNIQUE_ID" value="" />
  <parameter name="AUTO_DEVICE_SPEEDGRADE" value="8" />
  <generatedFiles>
   <file
       path="D:/FPGA/ad9226_fft_spi_7.20/prj/ip_FIR_FSK/fir_fsk/synthesis/fir_fsk.v"
       type="VERILOG" />
  </generatedFiles>
  <childGeneratedFiles>
   <file
       path="D:/FPGA/ad9226_fft_spi_7.20/prj/ip_FIR_FSK/fir_fsk/synthesis/submodules/dspba_library_package.vhd"
       type="VHDL"
       attributes="" />
   <file
       path="D:/FPGA/ad9226_fft_spi_7.20/prj/ip_FIR_FSK/fir_fsk/synthesis/submodules/dspba_library.vhd"
       type="VHDL"
       attributes="" />
   <file
       path="D:/FPGA/ad9226_fft_spi_7.20/prj/ip_FIR_FSK/fir_fsk/synthesis/submodules/auk_dspip_math_pkg_hpfir.vhd"
       type="VHDL"
       attributes="" />
   <file
       path="D:/FPGA/ad9226_fft_spi_7.20/prj/ip_FIR_FSK/fir_fsk/synthesis/submodules/auk_dspip_lib_pkg_hpfir.vhd"
       type="VHDL"
       attributes="" />
   <file
       path="D:/FPGA/ad9226_fft_spi_7.20/prj/ip_FIR_FSK/fir_fsk/synthesis/submodules/auk_dspip_avalon_streaming_controller_hpfir.vhd"
       type="VHDL"
       attributes="" />
   <file
       path="D:/FPGA/ad9226_fft_spi_7.20/prj/ip_FIR_FSK/fir_fsk/synthesis/submodules/auk_dspip_avalon_streaming_sink_hpfir.vhd"
       type="VHDL"
       attributes="" />
   <file
       path="D:/FPGA/ad9226_fft_spi_7.20/prj/ip_FIR_FSK/fir_fsk/synthesis/submodules/auk_dspip_avalon_streaming_source_hpfir.vhd"
       type="VHDL"
       attributes="" />
   <file
       path="D:/FPGA/ad9226_fft_spi_7.20/prj/ip_FIR_FSK/fir_fsk/synthesis/submodules/auk_dspip_roundsat_hpfir.vhd"
       type="VHDL"
       attributes="" />
   <file
       path="D:/FPGA/ad9226_fft_spi_7.20/prj/ip_FIR_FSK/fir_fsk/synthesis/submodules/altera_avalon_sc_fifo.v"
       type="VERILOG"
       attributes="" />
   <file
       path="D:/FPGA/ad9226_fft_spi_7.20/prj/ip_FIR_FSK/fir_fsk/synthesis/submodules/fir_fsk_fir_compiler_ii_0_rtl_core_u0_m0_wo0_cm0_lutmem.hex"
       type="HEX"
       attributes="" />
   <file
       path="D:/FPGA/ad9226_fft_spi_7.20/prj/ip_FIR_FSK/fir_fsk/synthesis/submodules/fir_fsk_fir_compiler_ii_0_rtl_core_u0_m0_wo0_cm1_lutmem.hex"
       type="HEX"
       attributes="" />
   <file
       path="D:/FPGA/ad9226_fft_spi_7.20/prj/ip_FIR_FSK/fir_fsk/synthesis/submodules/fir_fsk_fir_compiler_ii_0_rtl_core_u0_m0_wo0_wi0_r0_ra1_count1_lut_lutmem.hex"
       type="HEX"
       attributes="" />
   <file
       path="D:/FPGA/ad9226_fft_spi_7.20/prj/ip_FIR_FSK/fir_fsk/synthesis/submodules/fir_fsk_fir_compiler_ii_0_rtl_core.vhd"
       type="VHDL"
       attributes="" />
   <file
       path="D:/FPGA/ad9226_fft_spi_7.20/prj/ip_FIR_FSK/fir_fsk/synthesis/submodules/fir_fsk_fir_compiler_ii_0_ast.vhd"
       type="VHDL"
       attributes="" />
   <file
       path="D:/FPGA/ad9226_fft_spi_7.20/prj/ip_FIR_FSK/fir_fsk/synthesis/submodules/fir_fsk_fir_compiler_ii_0.vhd"
       type="VHDL"
       attributes="" />
  </childGeneratedFiles>
  <sourceFiles>
   <file path="D:/FPGA/ad9226_fft_spi_7.20/prj/ip_FIR_FSK/fir_fsk.qsys" />
  </sourceFiles>
  <childSourceFiles>
   <file
       path="D:/intelfpga/17.1/ip/altera/dsp/altera_fir_compiler_ii/src/HP_FIR_hw.tcl" />
  </childSourceFiles>
  <messages>
   <message level="Debug" culprit="fir_fsk">queue size: 0 starting:fir_fsk "fir_fsk"</message>
   <message level="Progress" culprit="min"></message>
   <message level="Progress" culprit="max"></message>
   <message level="Progress" culprit="current"></message>
   <message level="Debug">Transform: CustomInstructionTransform</message>
   <message level="Debug">No custom instruction connections, skipping transform </message>
   <message level="Debug" culprit="merlin_custom_instruction_transform"><![CDATA[After transform: <b>1</b> modules, <b>0</b> connections]]></message>
   <message level="Debug">Transform: MMTransform</message>
   <message level="Debug">Transform: InterruptMapperTransform</message>
   <message level="Debug">Transform: InterruptSyncTransform</message>
   <message level="Debug">Transform: InterruptFanoutTransform</message>
   <message level="Debug">Transform: AvalonStreamingTransform</message>
   <message level="Debug">Transform: ResetAdaptation</message>
   <message level="Debug" culprit="fir_fsk"><![CDATA["<b>fir_fsk</b>" reuses <b>altera_fir_compiler_ii</b> "<b>submodules/fir_fsk_fir_compiler_ii_0</b>"]]></message>
   <message level="Debug" culprit="fir_fsk">queue size: 0 starting:altera_fir_compiler_ii "submodules/fir_fsk_fir_compiler_ii_0"</message>
   <message level="Debug" culprit="fir_compiler_ii_0"><![CDATA[D:/intelfpga/17.1/quartus/dspba/backend/windows64/fir_ip_api_interface fir_fsk_fir_compiler_ii_0_rtl_core . MAX10 medium 0 96 1 0.820513 129 1 1 1 nsym 1 12 0 12 0 0 false false -- 16 8 20 1280 1000000 -1 true true 1 -- <<< 162,163,166,172,180,190,202,217,233,252,272,295,320,346,375,405,437,470,505,541,579,618,658,699,742,785,829,873,918,964,1010,1056,1102,1148,1195,1240,1286,1331,1376,1420,1463,1506,1547,1587,1626,1664,1701,1736,1770,1802,1832,1860,1887,1912,1935,1956,1975,1991,2006,2018,2028,2036,2042,2045,2046,2045,2042,2036,2028,2018,2006,1991,1975,1956,1935,1912,1887,1860,1832,1802,1770,1736,1701,1664,1626,1587,1547,1506,1463,1420,1376,1331,1286,1240,1195,1148,1102,1056,1010,964,918,873,829,785,742,699,658,618,579,541,505,470,437,405,375,346,320,295,272,252,233,217,202,190,180,172,166,163,162 ]]></message>
   <message level="Debug" culprit="fir_compiler_ii_0"><![CDATA[OUTPARAMS -interp=1 -decim=1 -incycles=116 -len=129 -bankcount=1 -nsym -nband=1 -chans=1 -family="MAX 10" 
|{}|1|1|1|1|32|0|19|3|true|LUTS: 240 DSPs: 2 RAM Bits: 5152|fir_fsk_fir_compiler_ii_0_rtl_core.vhd|fir_fsk_fir_compiler_ii_0_rtl_core_u0_m0_wo0_wi0_r0_ra1_count1_lut_lutmem.hex|fir_fsk_fir_compiler_ii_0_rtl_core_u0_m0_wo0_cm0_lutmem.hex|fir_fsk_fir_compiler_ii_0_rtl_core_u0_m0_wo0_cm1_lutmem.hex|fir_fsk_fir_compiler_ii_0_rtl_core_u0_m0_wo0_wi0_r0_ra1_count1_lut_lutmem.hex|fir_fsk_fir_compiler_ii_0_rtl_core_u0_m0_wo0_cm0_lutmem.hex|fir_fsk_fir_compiler_ii_0_rtl_core_u0_m0_wo0_cm1_lutmem.hex|]]></message>
   <message level="Info" culprit="fir_compiler_ii_0">PhysChanIn 1, PhysChanOut 1, ChansPerPhyIn 1, ChansPerPhyOut 1, OutputFullBitWidth 32, Bankcount 1, Latency 19, CoefBitWidth 12</message>
   <message level="Info" culprit="fir_compiler_ii_0"><![CDATA["<b>fir_fsk</b>" instantiated <b>altera_fir_compiler_ii</b> "<b>fir_compiler_ii_0</b>"]]></message>
  </messages>
 </entity>
 <entity
   path="submodules/"
   parameterizationKey="altera_fir_compiler_ii:17.1:L_bandsFilter=1,MODE_STRING=None Set,ModeWidth=0,backPressure=true,bankCount=1,bankDisplay=0,bankInWidth=0,baseAddress=0,busAddressWidth=8,busDataWidth=16,chanPerInputInterface=1,chanPerOutputInterface=1,channelModes=0,1,2,3,clockRate=96,clockSlack=0,coeffBitWidth=12,coeffBitWidth_derived=12,coeffComplex=false,coeffFracBitWidth=0,coeffNum=129,coeffReload=false,coeffScaling=auto,coeffSetFixedValue=162,163,166,172,180,190,202,217,233,252,272,295,320,346,375,405,437,470,505,541,579,618,658,699,742,785,829,873,918,964,1010,1056,1102,1148,1195,1240,1286,1331,1376,1420,1463,1506,1547,1587,1626,1664,1701,1736,1770,1802,1832,1860,1887,1912,1935,1956,1975,1991,2006,2018,2028,2036,2042,2045,2046,2045,2042,2036,2028,2018,2006,1991,1975,1956,1935,1912,1887,1860,1832,1802,1770,1736,1701,1664,1626,1587,1547,1506,1463,1420,1376,1331,1286,1240,1195,1148,1102,1056,1010,964,918,873,829,785,742,699,658,618,579,541,505,470,437,405,375,346,320,295,272,252,233,217,202,190,180,172,166,163,162,coeffSetFixedValueImag=0,0,0,0,0,0,0,0,coeffSetRealValue=0.001146387122,0.001154686808,0.001178856528,0.001218853137,0.001274594841,0.001345961371,0.001432794263,0.001534897214,0.001652036545,0.001783941752,0.001930306146,0.002090787582,0.002265009278,0.002452560719,0.00265299864,0.002865848095,0.003090603605,0.003326730374,0.003573665584,0.00383081976,0.004097578196,0.004373302446,0.004657331877,0.00494898527,0.005247562482,0.005552346142,0.005862603406,0.006177587733,0.006496540712,0.006818693907,0.007143270732,0.007469488345,0.007796559563,0.008123694778,0.008450103891,0.008774998239,0.009097592527,0.009417106741,0.009732768064,0.010043812757,0.010349488035,0.010649053907,0.010941784985,0.011226972263,0.011503924849,0.011771971661,0.012030463068,0.012278772483,0.012516297898,0.012742463355,0.012956720365,0.013158549244,0.013347460394,0.013522995498,0.013684728646,0.01383226738,0.013965253651,0.014083364706,0.01418631387,0.014273851256,0.014345764373,0.014401878653,0.01444205787,0.014466204484,0.014474259875,0.014466204484,0.01444205787,0.014401878653,0.014345764373,0.014273851256,0.01418631387,0.014083364706,0.013965253651,0.01383226738,0.013684728646,0.013522995498,0.013347460394,0.013158549244,0.012956720365,0.012742463355,0.012516297898,0.012278772483,0.012030463068,0.011771971661,0.011503924849,0.011226972263,0.010941784985,0.010649053907,0.010349488035,0.010043812757,0.009732768064,0.009417106741,0.009097592527,0.008774998239,0.008450103891,0.008123694778,0.007796559563,0.007469488345,0.007143270732,0.006818693907,0.006496540712,0.006177587733,0.005862603406,0.005552346142,0.005247562482,0.00494898527,0.004657331877,0.004373302446,0.004097578196,0.00383081976,0.003573665584,0.003326730374,0.003090603605,0.002865848095,0.00265299864,0.002452560719,0.002265009278,0.002090787582,0.001930306146,0.001783941752,0.001652036545,0.001534897214,0.001432794263,0.001345961371,0.001274594841,0.001218853137,0.001178856528,0.001154686808,0.001146387122,coeffSetRealValueImag=0.0, 0.0, 0.0, 0.0, 0.0, 0.0, 0.0, 0.0, 0.0, 0.0, 0.0, 0.0, -0.0530093, -0.04498, 0.0, 0.0749693, 0.159034, 0.224907, 0.249809, 0.224907, 0.159034, 0.0749693, 0.0, -0.04498, -0.0530093, -0.0321283, 0.0, 0.0, 0.0, 0.0, 0.0, 0.0, 0.0, 0.0, 0.0, 0.0, 0.0,coeffSetScaleValue=0.0011454958963116756,0.0011525668586345873,0.001173779745603322,0.0012162055195407914,0.001272773218124084,0.0013434828413531998,0.0014283343892281387,0.0015343988240718125,0.0016475342212383976,0.0017818825053737177,0.0019233017518319492,0.0020859338852589155,0.002262707943331705,0.002446552963727406,0.002651610871091842,0.002863739740779189,0.0030900105351123596,0.0033233522917684418,0.003570835973070347,0.003825390616695164,0.004094087184965804,0.004369854715559355,0.0046526932084758185,0.004942602663715193,0.0052466540436003906,0.005550705423485589,0.0058618277656936986,0.006172950107901807,0.006491143412432829,0.006816407679286761,0.007141671946140694,0.007466936212994627,0.007792200479848559,0.008117464746702491,0.008449799975879337,0.008767993280410356,0.00909325754726429,0.00941145085179531,0.009729644156326331,0.01004076649853444,0.010344817878419638,0.010648869258304836,0.010938778713544211,0.011221617206460675,0.011497384737054226,0.011766081305324865,0.012027706911272595,0.0122751905925745,0.012515603311553493,0.012741874105886664,0.012954002975574011,0.013151989920615535,0.013342905903334147,0.013519679961406936,0.013682312094833903,0.013830802303615046,0.013965150587750367,0.014078285984916951,0.014184350419760626,0.014269201967635564,0.01433991159086468,0.014396479289447973,0.014438905063385443,0.014460117950354177,0.014467188912677089,0.014460117950354177,0.014438905063385443,0.014396479289447973,0.01433991159086468,0.014269201967635564,0.014184350419760626,0.014078285984916951,0.013965150587750367,0.013830802303615046,0.013682312094833903,0.013519679961406936,0.013342905903334147,0.013151989920615535,0.012954002975574011,0.012741874105886664,0.012515603311553493,0.0122751905925745,0.012027706911272595,0.011766081305324865,0.011497384737054226,0.011221617206460675,0.010938778713544211,0.010648869258304836,0.010344817878419638,0.01004076649853444,0.009729644156326331,0.00941145085179531,0.00909325754726429,0.008767993280410356,0.008449799975879337,0.008117464746702491,0.007792200479848559,0.007466936212994627,0.007141671946140694,0.006816407679286761,0.006491143412432829,0.006172950107901807,0.0058618277656936986,0.005550705423485589,0.0052466540436003906,0.004942602663715193,0.0046526932084758185,0.004369854715559355,0.004094087184965804,0.003825390616695164,0.003570835973070347,0.0033233522917684418,0.0030900105351123596,0.002863739740779189,0.002651610871091842,0.002446552963727406,0.002262707943331705,0.0020859338852589155,0.0019233017518319492,0.0017818825053737177,0.0016475342212383976,0.0015343988240718125,0.0014283343892281387,0.0013434828413531998,0.001272773218124084,0.0012162055195407914,0.001173779745603322,0.0011525668586345873,0.0011454958963116756,coeffSetScaleValueImag=0.0,0.0,0.0,0.0,0.0,0.0,0.0,0.0,coeffType=int,coefficientReadback=false,coefficientWriteable=false,decimFactor=1,delayRAMBlockThreshold=20,deviceFamily=MAX 10,dspCount=2,dualMemDistRAMThreshold=1280,errorList=0,filterType=single,funcResult=-interp=1 -decim=1 -incycles=116 -len=129 -bankcount=1 -nsym -nband=1 -chans=1 -family=&quot;MAX 10&quot; 
|{}|1|1|1|1|32|0|19|3|noCode|LUTS: 240 DSPs: 2 RAM Bits: 5152|,hardMultiplierThreshold=-1,inputBitWidth=12,inputChannelNum=1,inputFracBitWidth=0,inputInterfaceNum=1,inputRate=0.820513,inputType=int,interpFactor=1,karatsuba=false,latency=19,latency_realOnly=19,lutCount=240,mRAMThreshold=1000000,memBitCount=5152,modeFormatted=--,num_modes=2,outBitWidth=32,outFracBitWidth=0,outFullFracBitWidth=0,outFullFracBitWidth_realOnly=0,outLSBRound=trunc,outLsbBitRem=0,outMSBRound=trunc,outMsbBitRem=0,outType=int,outWidth=32,outWidth_realOnly=32,outputInterfaceNum=1,outputfifodepth=4,outputfifodepth_realOnly=3,readWriteMode=read_write,reconfigurable=false,reconfigurable_list=0,speedGrade=medium,symmetryMode=nsym"
   instancePathKey="fir_fsk:.:fir_compiler_ii_0"
   kind="altera_fir_compiler_ii"
   version="17.1"
   name="fir_fsk_fir_compiler_ii_0">
  <parameter name="outBitWidth" value="32" />
  <parameter name="inputFracBitWidth" value="0" />
  <parameter
     name="coeffSetRealValueImag"
     value="0.0, 0.0, 0.0, 0.0, 0.0, 0.0, 0.0, 0.0, 0.0, 0.0, 0.0, 0.0, -0.0530093, -0.04498, 0.0, 0.0749693, 0.159034, 0.224907, 0.249809, 0.224907, 0.159034, 0.0749693, 0.0, -0.04498, -0.0530093, -0.0321283, 0.0, 0.0, 0.0, 0.0, 0.0, 0.0, 0.0, 0.0, 0.0, 0.0, 0.0" />
  <parameter name="inputInterfaceNum" value="1" />
  <parameter name="MODE_STRING" value="None Set" />
  <parameter
     name="funcResult"
     value="-interp=1 -decim=1 -incycles=116 -len=129 -bankcount=1 -nsym -nband=1 -chans=1 -family=&quot;MAX 10&quot; 
|{}|1|1|1|1|32|0|19|3|noCode|LUTS: 240 DSPs: 2 RAM Bits: 5152|" />
  <parameter name="speedGrade" value="medium" />
  <parameter name="outFullFracBitWidth_realOnly" value="0" />
  <parameter name="coeffBitWidth" value="12" />
  <parameter name="coeffType" value="int" />
  <parameter name="outMSBRound" value="trunc" />
  <parameter name="outLSBRound" value="trunc" />
  <parameter name="coeffReload" value="false" />
  <parameter name="delayRAMBlockThreshold" value="20" />
  <parameter name="inputType" value="int" />
  <parameter name="chanPerOutputInterface" value="1" />
  <parameter name="busAddressWidth" value="8" />
  <parameter name="coefficientWriteable" value="false" />
  <parameter name="coeffSetFixedValueImag" value="0,0,0,0,0,0,0,0" />
  <parameter name="num_modes" value="2" />
  <parameter name="karatsuba" value="false" />
  <parameter name="coeffBitWidth_derived" value="12" />
  <parameter name="bankDisplay" value="0" />
  <parameter name="baseAddress" value="0" />
  <parameter
     name="coeffSetRealValue"
     value="0.001146387122,0.001154686808,0.001178856528,0.001218853137,0.001274594841,0.001345961371,0.001432794263,0.001534897214,0.001652036545,0.001783941752,0.001930306146,0.002090787582,0.002265009278,0.002452560719,0.00265299864,0.002865848095,0.003090603605,0.003326730374,0.003573665584,0.00383081976,0.004097578196,0.004373302446,0.004657331877,0.00494898527,0.005247562482,0.005552346142,0.005862603406,0.006177587733,0.006496540712,0.006818693907,0.007143270732,0.007469488345,0.007796559563,0.008123694778,0.008450103891,0.008774998239,0.009097592527,0.009417106741,0.009732768064,0.010043812757,0.010349488035,0.010649053907,0.010941784985,0.011226972263,0.011503924849,0.011771971661,0.012030463068,0.012278772483,0.012516297898,0.012742463355,0.012956720365,0.013158549244,0.013347460394,0.013522995498,0.013684728646,0.01383226738,0.013965253651,0.014083364706,0.01418631387,0.014273851256,0.014345764373,0.014401878653,0.01444205787,0.014466204484,0.014474259875,0.014466204484,0.01444205787,0.014401878653,0.014345764373,0.014273851256,0.01418631387,0.014083364706,0.013965253651,0.01383226738,0.013684728646,0.013522995498,0.013347460394,0.013158549244,0.012956720365,0.012742463355,0.012516297898,0.012278772483,0.012030463068,0.011771971661,0.011503924849,0.011226972263,0.010941784985,0.010649053907,0.010349488035,0.010043812757,0.009732768064,0.009417106741,0.009097592527,0.008774998239,0.008450103891,0.008123694778,0.007796559563,0.007469488345,0.007143270732,0.006818693907,0.006496540712,0.006177587733,0.005862603406,0.005552346142,0.005247562482,0.00494898527,0.004657331877,0.004373302446,0.004097578196,0.00383081976,0.003573665584,0.003326730374,0.003090603605,0.002865848095,0.00265299864,0.002452560719,0.002265009278,0.002090787582,0.001930306146,0.001783941752,0.001652036545,0.001534897214,0.001432794263,0.001345961371,0.001274594841,0.001218853137,0.001178856528,0.001154686808,0.001146387122" />
  <parameter name="coeffSetScaleValueImag" value="0.0,0.0,0.0,0.0,0.0,0.0,0.0,0.0" />
  <parameter name="chanPerInputInterface" value="1" />
  <parameter name="deviceFamily" value="MAX 10" />
  <parameter name="dspCount" value="2" />
  <parameter name="outType" value="int" />
  <parameter name="symmetryMode" value="nsym" />
  <parameter name="outLsbBitRem" value="0" />
  <parameter name="decimFactor" value="1" />
  <parameter name="ModeWidth" value="0" />
  <parameter name="memBitCount" value="5152" />
  <parameter name="outputInterfaceNum" value="1" />
  <parameter name="filterType" value="single" />
  <parameter name="backPressure" value="true" />
  <parameter name="inputBitWidth" value="12" />
  <parameter name="coeffScaling" value="auto" />
  <parameter name="outFullFracBitWidth" value="0" />
  <parameter name="coeffNum" value="129" />
  <parameter name="busDataWidth" value="16" />
  <parameter name="coeffComplex" value="false" />
  <parameter name="outputfifodepth_realOnly" value="3" />
  <parameter name="inputChannelNum" value="1" />
  <parameter name="channelModes" value="0,1,2,3" />
  <parameter
     name="coeffSetScaleValue"
     value="0.0011454958963116756,0.0011525668586345873,0.001173779745603322,0.0012162055195407914,0.001272773218124084,0.0013434828413531998,0.0014283343892281387,0.0015343988240718125,0.0016475342212383976,0.0017818825053737177,0.0019233017518319492,0.0020859338852589155,0.002262707943331705,0.002446552963727406,0.002651610871091842,0.002863739740779189,0.0030900105351123596,0.0033233522917684418,0.003570835973070347,0.003825390616695164,0.004094087184965804,0.004369854715559355,0.0046526932084758185,0.004942602663715193,0.0052466540436003906,0.005550705423485589,0.0058618277656936986,0.006172950107901807,0.006491143412432829,0.006816407679286761,0.007141671946140694,0.007466936212994627,0.007792200479848559,0.008117464746702491,0.008449799975879337,0.008767993280410356,0.00909325754726429,0.00941145085179531,0.009729644156326331,0.01004076649853444,0.010344817878419638,0.010648869258304836,0.010938778713544211,0.011221617206460675,0.011497384737054226,0.011766081305324865,0.012027706911272595,0.0122751905925745,0.012515603311553493,0.012741874105886664,0.012954002975574011,0.013151989920615535,0.013342905903334147,0.013519679961406936,0.013682312094833903,0.013830802303615046,0.013965150587750367,0.014078285984916951,0.014184350419760626,0.014269201967635564,0.01433991159086468,0.014396479289447973,0.014438905063385443,0.014460117950354177,0.014467188912677089,0.014460117950354177,0.014438905063385443,0.014396479289447973,0.01433991159086468,0.014269201967635564,0.014184350419760626,0.014078285984916951,0.013965150587750367,0.013830802303615046,0.013682312094833903,0.013519679961406936,0.013342905903334147,0.013151989920615535,0.012954002975574011,0.012741874105886664,0.012515603311553493,0.0122751905925745,0.012027706911272595,0.011766081305324865,0.011497384737054226,0.011221617206460675,0.010938778713544211,0.010648869258304836,0.010344817878419638,0.01004076649853444,0.009729644156326331,0.00941145085179531,0.00909325754726429,0.008767993280410356,0.008449799975879337,0.008117464746702491,0.007792200479848559,0.007466936212994627,0.007141671946140694,0.006816407679286761,0.006491143412432829,0.006172950107901807,0.0058618277656936986,0.005550705423485589,0.0052466540436003906,0.004942602663715193,0.0046526932084758185,0.004369854715559355,0.004094087184965804,0.003825390616695164,0.003570835973070347,0.0033233522917684418,0.0030900105351123596,0.002863739740779189,0.002651610871091842,0.002446552963727406,0.002262707943331705,0.0020859338852589155,0.0019233017518319492,0.0017818825053737177,0.0016475342212383976,0.0015343988240718125,0.0014283343892281387,0.0013434828413531998,0.001272773218124084,0.0012162055195407914,0.001173779745603322,0.0011525668586345873,0.0011454958963116756" />
  <parameter name="latency" value="19" />
  <parameter name="lutCount" value="240" />
  <parameter name="outFracBitWidth" value="0" />
  <parameter name="outputfifodepth" value="4" />
  <parameter name="clockRate" value="96" />
  <parameter name="readWriteMode" value="read_write" />
  <parameter name="reconfigurable" value="false" />
  <parameter name="outWidth" value="32" />
  <parameter name="coeffFracBitWidth" value="0" />
  <parameter
     name="coeffSetFixedValue"
     value="162,163,166,172,180,190,202,217,233,252,272,295,320,346,375,405,437,470,505,541,579,618,658,699,742,785,829,873,918,964,1010,1056,1102,1148,1195,1240,1286,1331,1376,1420,1463,1506,1547,1587,1626,1664,1701,1736,1770,1802,1832,1860,1887,1912,1935,1956,1975,1991,2006,2018,2028,2036,2042,2045,2046,2045,2042,2036,2028,2018,2006,1991,1975,1956,1935,1912,1887,1860,1832,1802,1770,1736,1701,1664,1626,1587,1547,1506,1463,1420,1376,1331,1286,1240,1195,1148,1102,1056,1010,964,918,873,829,785,742,699,658,618,579,541,505,470,437,405,375,346,320,295,272,252,233,217,202,190,180,172,166,163,162" />
  <parameter name="modeFormatted" value="--" />
  <parameter name="mRAMThreshold" value="1000000" />
  <parameter name="bankCount" value="1" />
  <parameter name="interpFactor" value="1" />
  <parameter name="outWidth_realOnly" value="32" />
  <parameter name="errorList" value="0" />
  <parameter name="L_bandsFilter" value="1" />
  <parameter name="clockSlack" value="0" />
  <parameter name="outMsbBitRem" value="0" />
  <parameter name="reconfigurable_list" value="0" />
  <parameter name="dualMemDistRAMThreshold" value="1280" />
  <parameter name="latency_realOnly" value="19" />
  <parameter name="inputRate" value="0.820513" />
  <parameter name="coefficientReadback" value="false" />
  <parameter name="bankInWidth" value="0" />
  <parameter name="hardMultiplierThreshold" value="-1" />
  <generatedFiles>
   <file
       path="D:/FPGA/ad9226_fft_spi_7.20/prj/ip_FIR_FSK/fir_fsk/synthesis/submodules/dspba_library_package.vhd"
       type="VHDL"
       attributes="" />
   <file
       path="D:/FPGA/ad9226_fft_spi_7.20/prj/ip_FIR_FSK/fir_fsk/synthesis/submodules/dspba_library.vhd"
       type="VHDL"
       attributes="" />
   <file
       path="D:/FPGA/ad9226_fft_spi_7.20/prj/ip_FIR_FSK/fir_fsk/synthesis/submodules/auk_dspip_math_pkg_hpfir.vhd"
       type="VHDL"
       attributes="" />
   <file
       path="D:/FPGA/ad9226_fft_spi_7.20/prj/ip_FIR_FSK/fir_fsk/synthesis/submodules/auk_dspip_lib_pkg_hpfir.vhd"
       type="VHDL"
       attributes="" />
   <file
       path="D:/FPGA/ad9226_fft_spi_7.20/prj/ip_FIR_FSK/fir_fsk/synthesis/submodules/auk_dspip_avalon_streaming_controller_hpfir.vhd"
       type="VHDL"
       attributes="" />
   <file
       path="D:/FPGA/ad9226_fft_spi_7.20/prj/ip_FIR_FSK/fir_fsk/synthesis/submodules/auk_dspip_avalon_streaming_sink_hpfir.vhd"
       type="VHDL"
       attributes="" />
   <file
       path="D:/FPGA/ad9226_fft_spi_7.20/prj/ip_FIR_FSK/fir_fsk/synthesis/submodules/auk_dspip_avalon_streaming_source_hpfir.vhd"
       type="VHDL"
       attributes="" />
   <file
       path="D:/FPGA/ad9226_fft_spi_7.20/prj/ip_FIR_FSK/fir_fsk/synthesis/submodules/auk_dspip_roundsat_hpfir.vhd"
       type="VHDL"
       attributes="" />
   <file
       path="D:/FPGA/ad9226_fft_spi_7.20/prj/ip_FIR_FSK/fir_fsk/synthesis/submodules/altera_avalon_sc_fifo.v"
       type="VERILOG"
       attributes="" />
   <file
       path="D:/FPGA/ad9226_fft_spi_7.20/prj/ip_FIR_FSK/fir_fsk/synthesis/submodules/fir_fsk_fir_compiler_ii_0_rtl_core_u0_m0_wo0_cm0_lutmem.hex"
       type="HEX"
       attributes="" />
   <file
       path="D:/FPGA/ad9226_fft_spi_7.20/prj/ip_FIR_FSK/fir_fsk/synthesis/submodules/fir_fsk_fir_compiler_ii_0_rtl_core_u0_m0_wo0_cm1_lutmem.hex"
       type="HEX"
       attributes="" />
   <file
       path="D:/FPGA/ad9226_fft_spi_7.20/prj/ip_FIR_FSK/fir_fsk/synthesis/submodules/fir_fsk_fir_compiler_ii_0_rtl_core_u0_m0_wo0_wi0_r0_ra1_count1_lut_lutmem.hex"
       type="HEX"
       attributes="" />
   <file
       path="D:/FPGA/ad9226_fft_spi_7.20/prj/ip_FIR_FSK/fir_fsk/synthesis/submodules/fir_fsk_fir_compiler_ii_0_rtl_core.vhd"
       type="VHDL"
       attributes="" />
   <file
       path="D:/FPGA/ad9226_fft_spi_7.20/prj/ip_FIR_FSK/fir_fsk/synthesis/submodules/fir_fsk_fir_compiler_ii_0_ast.vhd"
       type="VHDL"
       attributes="" />
   <file
       path="D:/FPGA/ad9226_fft_spi_7.20/prj/ip_FIR_FSK/fir_fsk/synthesis/submodules/fir_fsk_fir_compiler_ii_0.vhd"
       type="VHDL"
       attributes="" />
  </generatedFiles>
  <childGeneratedFiles/>
  <sourceFiles>
   <file
       path="D:/intelfpga/17.1/ip/altera/dsp/altera_fir_compiler_ii/src/HP_FIR_hw.tcl" />
  </sourceFiles>
  <childSourceFiles/>
  <instantiator instantiator="fir_fsk" as="fir_compiler_ii_0" />
  <messages>
   <message level="Debug" culprit="fir_fsk">queue size: 0 starting:altera_fir_compiler_ii "submodules/fir_fsk_fir_compiler_ii_0"</message>
   <message level="Debug" culprit="fir_compiler_ii_0"><![CDATA[D:/intelfpga/17.1/quartus/dspba/backend/windows64/fir_ip_api_interface fir_fsk_fir_compiler_ii_0_rtl_core . MAX10 medium 0 96 1 0.820513 129 1 1 1 nsym 1 12 0 12 0 0 false false -- 16 8 20 1280 1000000 -1 true true 1 -- <<< 162,163,166,172,180,190,202,217,233,252,272,295,320,346,375,405,437,470,505,541,579,618,658,699,742,785,829,873,918,964,1010,1056,1102,1148,1195,1240,1286,1331,1376,1420,1463,1506,1547,1587,1626,1664,1701,1736,1770,1802,1832,1860,1887,1912,1935,1956,1975,1991,2006,2018,2028,2036,2042,2045,2046,2045,2042,2036,2028,2018,2006,1991,1975,1956,1935,1912,1887,1860,1832,1802,1770,1736,1701,1664,1626,1587,1547,1506,1463,1420,1376,1331,1286,1240,1195,1148,1102,1056,1010,964,918,873,829,785,742,699,658,618,579,541,505,470,437,405,375,346,320,295,272,252,233,217,202,190,180,172,166,163,162 ]]></message>
   <message level="Debug" culprit="fir_compiler_ii_0"><![CDATA[OUTPARAMS -interp=1 -decim=1 -incycles=116 -len=129 -bankcount=1 -nsym -nband=1 -chans=1 -family="MAX 10" 
|{}|1|1|1|1|32|0|19|3|true|LUTS: 240 DSPs: 2 RAM Bits: 5152|fir_fsk_fir_compiler_ii_0_rtl_core.vhd|fir_fsk_fir_compiler_ii_0_rtl_core_u0_m0_wo0_wi0_r0_ra1_count1_lut_lutmem.hex|fir_fsk_fir_compiler_ii_0_rtl_core_u0_m0_wo0_cm0_lutmem.hex|fir_fsk_fir_compiler_ii_0_rtl_core_u0_m0_wo0_cm1_lutmem.hex|fir_fsk_fir_compiler_ii_0_rtl_core_u0_m0_wo0_wi0_r0_ra1_count1_lut_lutmem.hex|fir_fsk_fir_compiler_ii_0_rtl_core_u0_m0_wo0_cm0_lutmem.hex|fir_fsk_fir_compiler_ii_0_rtl_core_u0_m0_wo0_cm1_lutmem.hex|]]></message>
   <message level="Info" culprit="fir_compiler_ii_0">PhysChanIn 1, PhysChanOut 1, ChansPerPhyIn 1, ChansPerPhyOut 1, OutputFullBitWidth 32, Bankcount 1, Latency 19, CoefBitWidth 12</message>
   <message level="Info" culprit="fir_compiler_ii_0"><![CDATA["<b>fir_fsk</b>" instantiated <b>altera_fir_compiler_ii</b> "<b>fir_compiler_ii_0</b>"]]></message>
  </messages>
 </entity>
</deploy>
