# system info ip_fft on 2023.07.17.16:54:41
system_info:
name,value
DEVICE,10M08SAM153C8GES
DEVICE_FAMILY,MAX 10
GENERATION_ID,1689584079
#
#
# Files generated for ip_fft on 2023.07.17.16:54:41
files:
filepath,kind,attributes,module,is_top
simulation/ip_fft.v,VERILOG,,ip_fft,true
simulation/submodules/ip_fft_fft_ii_0_1n4096cos.hex,HEX,,ip_fft_fft_ii_0,false
simulation/submodules/ip_fft_fft_ii_0_2n4096cos.hex,HEX,,ip_fft_fft_ii_0,false
simulation/submodules/ip_fft_fft_ii_0_1n4096sin.hex,HEX,,ip_fft_fft_ii_0,false
simulation/submodules/ip_fft_fft_ii_0_3n4096cos.hex,HEX,,ip_fft_fft_ii_0,false
simulation/submodules/ip_fft_fft_ii_0_2n4096sin.hex,HEX,,ip_fft_fft_ii_0,false
simulation/submodules/ip_fft_fft_ii_0_3n4096sin.hex,HEX,,ip_fft_fft_ii_0,false
simulation/submodules/auk_dspip_text_pkg.vhd,VHDL,,ip_fft_fft_ii_0,false
simulation/submodules/auk_dspip_math_pkg.vhd,VHDL,,ip_fft_fft_ii_0,false
simulation/submodules/auk_dspip_lib_pkg.vhd,VHDL,,ip_fft_fft_ii_0,false
simulation/submodules/mentor/auk_dspip_avalon_streaming_block_sink.vhd,VHDL_ENCRYPT,MENTOR_SPECIFIC,ip_fft_fft_ii_0,false
simulation/submodules/aldec/auk_dspip_avalon_streaming_block_sink.vhd,VHDL_ENCRYPT,ALDEC_SPECIFIC,ip_fft_fft_ii_0,false
simulation/submodules/mentor/auk_dspip_avalon_streaming_block_source.vhd,VHDL_ENCRYPT,MENTOR_SPECIFIC,ip_fft_fft_ii_0,false
simulation/submodules/aldec/auk_dspip_avalon_streaming_block_source.vhd,VHDL_ENCRYPT,ALDEC_SPECIFIC,ip_fft_fft_ii_0,false
simulation/submodules/auk_dspip_roundsat.vhd,VHDL,,ip_fft_fft_ii_0,false
simulation/submodules/auk_dspip_avalon_streaming_sink.vhd,VHDL,,ip_fft_fft_ii_0,false
simulation/submodules/auk_dspip_avalon_streaming_source.vhd,VHDL,,ip_fft_fft_ii_0,false
simulation/submodules/auk_dspip_avalon_streaming_controller.vhd,VHDL,,ip_fft_fft_ii_0,false
simulation/submodules/asj_fft_sglstream.ocp,OTHER,,ip_fft_fft_ii_0,false
simulation/submodules/asj_fft_dualstream.ocp,OTHER,,ip_fft_fft_ii_0,false
simulation/submodules/asj_fft_si_de_so_b.ocp,OTHER,,ip_fft_fft_ii_0,false
simulation/submodules/asj_fft_si_de_so_bb.ocp,OTHER,,ip_fft_fft_ii_0,false
simulation/submodules/asj_fft_si_qe_so_b.ocp,OTHER,,ip_fft_fft_ii_0,false
simulation/submodules/asj_fft_si_qe_so_bb.ocp,OTHER,,ip_fft_fft_ii_0,false
simulation/submodules/asj_fft_si_se_so_b.ocp,OTHER,,ip_fft_fft_ii_0,false
simulation/submodules/asj_fft_si_se_so_bb.ocp,OTHER,,ip_fft_fft_ii_0,false
simulation/submodules/asj_fft_si_so_se_so_b.ocp,OTHER,,ip_fft_fft_ii_0,false
simulation/submodules/asj_fft_si_sose_so_b.ocp,OTHER,,ip_fft_fft_ii_0,false
simulation/submodules/mentor/altera_fft_dual_port_ram.vhd,VHDL_ENCRYPT,MENTOR_SPECIFIC,ip_fft_fft_ii_0,false
simulation/submodules/aldec/altera_fft_dual_port_ram.vhd,VHDL_ENCRYPT,ALDEC_SPECIFIC,ip_fft_fft_ii_0,false
simulation/submodules/mentor/altera_fft_dual_port_rom.vhd,VHDL_ENCRYPT,MENTOR_SPECIFIC,ip_fft_fft_ii_0,false
simulation/submodules/aldec/altera_fft_dual_port_rom.vhd,VHDL_ENCRYPT,ALDEC_SPECIFIC,ip_fft_fft_ii_0,false
simulation/submodules/mentor/altera_fft_mult_add.vhd,VHDL_ENCRYPT,MENTOR_SPECIFIC,ip_fft_fft_ii_0,false
simulation/submodules/aldec/altera_fft_mult_add.vhd,VHDL_ENCRYPT,ALDEC_SPECIFIC,ip_fft_fft_ii_0,false
simulation/submodules/mentor/altera_fft_single_port_rom.vhd,VHDL_ENCRYPT,MENTOR_SPECIFIC,ip_fft_fft_ii_0,false
simulation/submodules/aldec/altera_fft_single_port_rom.vhd,VHDL_ENCRYPT,ALDEC_SPECIFIC,ip_fft_fft_ii_0,false
simulation/submodules/mentor/auk_fft_pkg.vhd,VHDL_ENCRYPT,MENTOR_SPECIFIC,ip_fft_fft_ii_0,false
simulation/submodules/aldec/auk_fft_pkg.vhd,VHDL_ENCRYPT,ALDEC_SPECIFIC,ip_fft_fft_ii_0,false
simulation/submodules/mentor/hyper_pipeline_interface.v,VERILOG_ENCRYPT,MENTOR_SPECIFIC,ip_fft_fft_ii_0,false
simulation/submodules/aldec/hyper_pipeline_interface.v,VERILOG_ENCRYPT,ALDEC_SPECIFIC,ip_fft_fft_ii_0,false
simulation/submodules/mentor/counter_module.sv,SYSTEM_VERILOG_ENCRYPT,MENTOR_SPECIFIC,ip_fft_fft_ii_0,false
simulation/submodules/aldec/counter_module.sv,SYSTEM_VERILOG_ENCRYPT,ALDEC_SPECIFIC,ip_fft_fft_ii_0,false
simulation/submodules/mentor/fft_pack.vhd,VHDL_ENCRYPT,MENTOR_SPECIFIC,ip_fft_fft_ii_0,false
simulation/submodules/aldec/fft_pack.vhd,VHDL_ENCRYPT,ALDEC_SPECIFIC,ip_fft_fft_ii_0,false
simulation/submodules/mentor/apn_fft_cmult_cpx.vhd,VHDL_ENCRYPT,MENTOR_SPECIFIC,ip_fft_fft_ii_0,false
simulation/submodules/aldec/apn_fft_cmult_cpx.vhd,VHDL_ENCRYPT,ALDEC_SPECIFIC,ip_fft_fft_ii_0,false
simulation/submodules/mentor/apn_fft_cmult_cpx2.vhd,VHDL_ENCRYPT,MENTOR_SPECIFIC,ip_fft_fft_ii_0,false
simulation/submodules/aldec/apn_fft_cmult_cpx2.vhd,VHDL_ENCRYPT,ALDEC_SPECIFIC,ip_fft_fft_ii_0,false
simulation/submodules/mentor/apn_fft_mult_can.vhd,VHDL_ENCRYPT,MENTOR_SPECIFIC,ip_fft_fft_ii_0,false
simulation/submodules/aldec/apn_fft_mult_can.vhd,VHDL_ENCRYPT,ALDEC_SPECIFIC,ip_fft_fft_ii_0,false
simulation/submodules/mentor/apn_fft_mult_cpx.vhd,VHDL_ENCRYPT,MENTOR_SPECIFIC,ip_fft_fft_ii_0,false
simulation/submodules/aldec/apn_fft_mult_cpx.vhd,VHDL_ENCRYPT,ALDEC_SPECIFIC,ip_fft_fft_ii_0,false
simulation/submodules/mentor/asj_fft_1dp_ram.vhd,VHDL_ENCRYPT,MENTOR_SPECIFIC,ip_fft_fft_ii_0,false
simulation/submodules/aldec/asj_fft_1dp_ram.vhd,VHDL_ENCRYPT,ALDEC_SPECIFIC,ip_fft_fft_ii_0,false
simulation/submodules/mentor/asj_fft_1tdp_rom.vhd,VHDL_ENCRYPT,MENTOR_SPECIFIC,ip_fft_fft_ii_0,false
simulation/submodules/aldec/asj_fft_1tdp_rom.vhd,VHDL_ENCRYPT,ALDEC_SPECIFIC,ip_fft_fft_ii_0,false
simulation/submodules/mentor/asj_fft_3dp_rom.vhd,VHDL_ENCRYPT,MENTOR_SPECIFIC,ip_fft_fft_ii_0,false
simulation/submodules/aldec/asj_fft_3dp_rom.vhd,VHDL_ENCRYPT,ALDEC_SPECIFIC,ip_fft_fft_ii_0,false
simulation/submodules/mentor/asj_fft_3pi_mram.vhd,VHDL_ENCRYPT,MENTOR_SPECIFIC,ip_fft_fft_ii_0,false
simulation/submodules/aldec/asj_fft_3pi_mram.vhd,VHDL_ENCRYPT,ALDEC_SPECIFIC,ip_fft_fft_ii_0,false
simulation/submodules/mentor/asj_fft_3tdp_rom.vhd,VHDL_ENCRYPT,MENTOR_SPECIFIC,ip_fft_fft_ii_0,false
simulation/submodules/aldec/asj_fft_3tdp_rom.vhd,VHDL_ENCRYPT,ALDEC_SPECIFIC,ip_fft_fft_ii_0,false
simulation/submodules/mentor/asj_fft_4dp_ram.vhd,VHDL_ENCRYPT,MENTOR_SPECIFIC,ip_fft_fft_ii_0,false
simulation/submodules/aldec/asj_fft_4dp_ram.vhd,VHDL_ENCRYPT,ALDEC_SPECIFIC,ip_fft_fft_ii_0,false
simulation/submodules/mentor/asj_fft_6tdp_rom.vhd,VHDL_ENCRYPT,MENTOR_SPECIFIC,ip_fft_fft_ii_0,false
simulation/submodules/aldec/asj_fft_6tdp_rom.vhd,VHDL_ENCRYPT,ALDEC_SPECIFIC,ip_fft_fft_ii_0,false
simulation/submodules/mentor/asj_fft_alt_shift_tdl.vhd,VHDL_ENCRYPT,MENTOR_SPECIFIC,ip_fft_fft_ii_0,false
simulation/submodules/aldec/asj_fft_alt_shift_tdl.vhd,VHDL_ENCRYPT,ALDEC_SPECIFIC,ip_fft_fft_ii_0,false
simulation/submodules/mentor/asj_fft_bfp_ctrl.vhd,VHDL_ENCRYPT,MENTOR_SPECIFIC,ip_fft_fft_ii_0,false
simulation/submodules/aldec/asj_fft_bfp_ctrl.vhd,VHDL_ENCRYPT,ALDEC_SPECIFIC,ip_fft_fft_ii_0,false
simulation/submodules/mentor/asj_fft_bfp_i.vhd,VHDL_ENCRYPT,MENTOR_SPECIFIC,ip_fft_fft_ii_0,false
simulation/submodules/aldec/asj_fft_bfp_i.vhd,VHDL_ENCRYPT,ALDEC_SPECIFIC,ip_fft_fft_ii_0,false
simulation/submodules/mentor/asj_fft_bfp_i_1pt.vhd,VHDL_ENCRYPT,MENTOR_SPECIFIC,ip_fft_fft_ii_0,false
simulation/submodules/aldec/asj_fft_bfp_i_1pt.vhd,VHDL_ENCRYPT,ALDEC_SPECIFIC,ip_fft_fft_ii_0,false
simulation/submodules/mentor/asj_fft_bfp_o.vhd,VHDL_ENCRYPT,MENTOR_SPECIFIC,ip_fft_fft_ii_0,false
simulation/submodules/aldec/asj_fft_bfp_o.vhd,VHDL_ENCRYPT,ALDEC_SPECIFIC,ip_fft_fft_ii_0,false
simulation/submodules/mentor/asj_fft_bfp_o_1pt.vhd,VHDL_ENCRYPT,MENTOR_SPECIFIC,ip_fft_fft_ii_0,false
simulation/submodules/aldec/asj_fft_bfp_o_1pt.vhd,VHDL_ENCRYPT,ALDEC_SPECIFIC,ip_fft_fft_ii_0,false
simulation/submodules/mentor/asj_fft_burst_ctrl.vhd,VHDL_ENCRYPT,MENTOR_SPECIFIC,ip_fft_fft_ii_0,false
simulation/submodules/aldec/asj_fft_burst_ctrl.vhd,VHDL_ENCRYPT,ALDEC_SPECIFIC,ip_fft_fft_ii_0,false
simulation/submodules/mentor/asj_fft_burst_ctrl_de.vhd,VHDL_ENCRYPT,MENTOR_SPECIFIC,ip_fft_fft_ii_0,false
simulation/submodules/aldec/asj_fft_burst_ctrl_de.vhd,VHDL_ENCRYPT,ALDEC_SPECIFIC,ip_fft_fft_ii_0,false
simulation/submodules/mentor/asj_fft_burst_ctrl_qe.vhd,VHDL_ENCRYPT,MENTOR_SPECIFIC,ip_fft_fft_ii_0,false
simulation/submodules/aldec/asj_fft_burst_ctrl_qe.vhd,VHDL_ENCRYPT,ALDEC_SPECIFIC,ip_fft_fft_ii_0,false
simulation/submodules/mentor/asj_fft_cmult_can.vhd,VHDL_ENCRYPT,MENTOR_SPECIFIC,ip_fft_fft_ii_0,false
simulation/submodules/aldec/asj_fft_cmult_can.vhd,VHDL_ENCRYPT,ALDEC_SPECIFIC,ip_fft_fft_ii_0,false
simulation/submodules/mentor/asj_fft_cmult_std.vhd,VHDL_ENCRYPT,MENTOR_SPECIFIC,ip_fft_fft_ii_0,false
simulation/submodules/aldec/asj_fft_cmult_std.vhd,VHDL_ENCRYPT,ALDEC_SPECIFIC,ip_fft_fft_ii_0,false
simulation/submodules/mentor/asj_fft_cnt_ctrl.vhd,VHDL_ENCRYPT,MENTOR_SPECIFIC,ip_fft_fft_ii_0,false
simulation/submodules/aldec/asj_fft_cnt_ctrl.vhd,VHDL_ENCRYPT,ALDEC_SPECIFIC,ip_fft_fft_ii_0,false
simulation/submodules/mentor/asj_fft_cnt_ctrl_de.vhd,VHDL_ENCRYPT,MENTOR_SPECIFIC,ip_fft_fft_ii_0,false
simulation/submodules/aldec/asj_fft_cnt_ctrl_de.vhd,VHDL_ENCRYPT,ALDEC_SPECIFIC,ip_fft_fft_ii_0,false
simulation/submodules/mentor/asj_fft_cxb_addr.vhd,VHDL_ENCRYPT,MENTOR_SPECIFIC,ip_fft_fft_ii_0,false
simulation/submodules/aldec/asj_fft_cxb_addr.vhd,VHDL_ENCRYPT,ALDEC_SPECIFIC,ip_fft_fft_ii_0,false
simulation/submodules/mentor/asj_fft_cxb_data.vhd,VHDL_ENCRYPT,MENTOR_SPECIFIC,ip_fft_fft_ii_0,false
simulation/submodules/aldec/asj_fft_cxb_data.vhd,VHDL_ENCRYPT,ALDEC_SPECIFIC,ip_fft_fft_ii_0,false
simulation/submodules/mentor/asj_fft_cxb_data_mram.vhd,VHDL_ENCRYPT,MENTOR_SPECIFIC,ip_fft_fft_ii_0,false
simulation/submodules/aldec/asj_fft_cxb_data_mram.vhd,VHDL_ENCRYPT,ALDEC_SPECIFIC,ip_fft_fft_ii_0,false
simulation/submodules/mentor/asj_fft_cxb_data_r.vhd,VHDL_ENCRYPT,MENTOR_SPECIFIC,ip_fft_fft_ii_0,false
simulation/submodules/aldec/asj_fft_cxb_data_r.vhd,VHDL_ENCRYPT,ALDEC_SPECIFIC,ip_fft_fft_ii_0,false
simulation/submodules/mentor/asj_fft_dataadgen.vhd,VHDL_ENCRYPT,MENTOR_SPECIFIC,ip_fft_fft_ii_0,false
simulation/submodules/aldec/asj_fft_dataadgen.vhd,VHDL_ENCRYPT,ALDEC_SPECIFIC,ip_fft_fft_ii_0,false
simulation/submodules/mentor/asj_fft_data_ram.vhd,VHDL_ENCRYPT,MENTOR_SPECIFIC,ip_fft_fft_ii_0,false
simulation/submodules/aldec/asj_fft_data_ram.vhd,VHDL_ENCRYPT,ALDEC_SPECIFIC,ip_fft_fft_ii_0,false
simulation/submodules/mentor/asj_fft_data_ram_dp.vhd,VHDL_ENCRYPT,MENTOR_SPECIFIC,ip_fft_fft_ii_0,false
simulation/submodules/aldec/asj_fft_data_ram_dp.vhd,VHDL_ENCRYPT,ALDEC_SPECIFIC,ip_fft_fft_ii_0,false
simulation/submodules/mentor/asj_fft_dft_bfp.vhd,VHDL_ENCRYPT,MENTOR_SPECIFIC,ip_fft_fft_ii_0,false
simulation/submodules/aldec/asj_fft_dft_bfp.vhd,VHDL_ENCRYPT,ALDEC_SPECIFIC,ip_fft_fft_ii_0,false
simulation/submodules/mentor/asj_fft_dft_bfp_sgl.vhd,VHDL_ENCRYPT,MENTOR_SPECIFIC,ip_fft_fft_ii_0,false
simulation/submodules/aldec/asj_fft_dft_bfp_sgl.vhd,VHDL_ENCRYPT,ALDEC_SPECIFIC,ip_fft_fft_ii_0,false
simulation/submodules/mentor/asj_fft_dpi_mram.vhd,VHDL_ENCRYPT,MENTOR_SPECIFIC,ip_fft_fft_ii_0,false
simulation/submodules/aldec/asj_fft_dpi_mram.vhd,VHDL_ENCRYPT,ALDEC_SPECIFIC,ip_fft_fft_ii_0,false
simulation/submodules/mentor/asj_fft_dp_mram.vhd,VHDL_ENCRYPT,MENTOR_SPECIFIC,ip_fft_fft_ii_0,false
simulation/submodules/aldec/asj_fft_dp_mram.vhd,VHDL_ENCRYPT,ALDEC_SPECIFIC,ip_fft_fft_ii_0,false
simulation/submodules/mentor/asj_fft_dualstream.vhd,VHDL_ENCRYPT,MENTOR_SPECIFIC,ip_fft_fft_ii_0,false
simulation/submodules/aldec/asj_fft_dualstream.vhd,VHDL_ENCRYPT,ALDEC_SPECIFIC,ip_fft_fft_ii_0,false
simulation/submodules/mentor/asj_fft_in_write_sgl.vhd,VHDL_ENCRYPT,MENTOR_SPECIFIC,ip_fft_fft_ii_0,false
simulation/submodules/aldec/asj_fft_in_write_sgl.vhd,VHDL_ENCRYPT,ALDEC_SPECIFIC,ip_fft_fft_ii_0,false
simulation/submodules/mentor/asj_fft_lcm_mult.vhd,VHDL_ENCRYPT,MENTOR_SPECIFIC,ip_fft_fft_ii_0,false
simulation/submodules/aldec/asj_fft_lcm_mult.vhd,VHDL_ENCRYPT,ALDEC_SPECIFIC,ip_fft_fft_ii_0,false
simulation/submodules/mentor/asj_fft_lcm_mult_2m.vhd,VHDL_ENCRYPT,MENTOR_SPECIFIC,ip_fft_fft_ii_0,false
simulation/submodules/aldec/asj_fft_lcm_mult_2m.vhd,VHDL_ENCRYPT,ALDEC_SPECIFIC,ip_fft_fft_ii_0,false
simulation/submodules/mentor/asj_fft_lpp.vhd,VHDL_ENCRYPT,MENTOR_SPECIFIC,ip_fft_fft_ii_0,false
simulation/submodules/aldec/asj_fft_lpp.vhd,VHDL_ENCRYPT,ALDEC_SPECIFIC,ip_fft_fft_ii_0,false
simulation/submodules/mentor/asj_fft_lpprdadgen.vhd,VHDL_ENCRYPT,MENTOR_SPECIFIC,ip_fft_fft_ii_0,false
simulation/submodules/aldec/asj_fft_lpprdadgen.vhd,VHDL_ENCRYPT,ALDEC_SPECIFIC,ip_fft_fft_ii_0,false
simulation/submodules/mentor/asj_fft_lpprdadr2gen.vhd,VHDL_ENCRYPT,MENTOR_SPECIFIC,ip_fft_fft_ii_0,false
simulation/submodules/aldec/asj_fft_lpprdadr2gen.vhd,VHDL_ENCRYPT,ALDEC_SPECIFIC,ip_fft_fft_ii_0,false
simulation/submodules/mentor/asj_fft_lpp_serial.vhd,VHDL_ENCRYPT,MENTOR_SPECIFIC,ip_fft_fft_ii_0,false
simulation/submodules/aldec/asj_fft_lpp_serial.vhd,VHDL_ENCRYPT,ALDEC_SPECIFIC,ip_fft_fft_ii_0,false
simulation/submodules/mentor/asj_fft_lpp_serial_r2.vhd,VHDL_ENCRYPT,MENTOR_SPECIFIC,ip_fft_fft_ii_0,false
simulation/submodules/aldec/asj_fft_lpp_serial_r2.vhd,VHDL_ENCRYPT,ALDEC_SPECIFIC,ip_fft_fft_ii_0,false
simulation/submodules/mentor/asj_fft_mult_add.vhd,VHDL_ENCRYPT,MENTOR_SPECIFIC,ip_fft_fft_ii_0,false
simulation/submodules/aldec/asj_fft_mult_add.vhd,VHDL_ENCRYPT,ALDEC_SPECIFIC,ip_fft_fft_ii_0,false
simulation/submodules/mentor/asj_fft_m_k_counter.vhd,VHDL_ENCRYPT,MENTOR_SPECIFIC,ip_fft_fft_ii_0,false
simulation/submodules/aldec/asj_fft_m_k_counter.vhd,VHDL_ENCRYPT,ALDEC_SPECIFIC,ip_fft_fft_ii_0,false
simulation/submodules/mentor/asj_fft_pround.vhd,VHDL_ENCRYPT,MENTOR_SPECIFIC,ip_fft_fft_ii_0,false
simulation/submodules/aldec/asj_fft_pround.vhd,VHDL_ENCRYPT,ALDEC_SPECIFIC,ip_fft_fft_ii_0,false
simulation/submodules/mentor/asj_fft_sglstream.vhd,VHDL_ENCRYPT,MENTOR_SPECIFIC,ip_fft_fft_ii_0,false
simulation/submodules/aldec/asj_fft_sglstream.vhd,VHDL_ENCRYPT,ALDEC_SPECIFIC,ip_fft_fft_ii_0,false
simulation/submodules/mentor/asj_fft_si_de_so_b.vhd,VHDL_ENCRYPT,MENTOR_SPECIFIC,ip_fft_fft_ii_0,false
simulation/submodules/aldec/asj_fft_si_de_so_b.vhd,VHDL_ENCRYPT,ALDEC_SPECIFIC,ip_fft_fft_ii_0,false
simulation/submodules/mentor/asj_fft_si_de_so_bb.vhd,VHDL_ENCRYPT,MENTOR_SPECIFIC,ip_fft_fft_ii_0,false
simulation/submodules/aldec/asj_fft_si_de_so_bb.vhd,VHDL_ENCRYPT,ALDEC_SPECIFIC,ip_fft_fft_ii_0,false
simulation/submodules/mentor/asj_fft_si_qe_so_b.vhd,VHDL_ENCRYPT,MENTOR_SPECIFIC,ip_fft_fft_ii_0,false
simulation/submodules/aldec/asj_fft_si_qe_so_b.vhd,VHDL_ENCRYPT,ALDEC_SPECIFIC,ip_fft_fft_ii_0,false
simulation/submodules/mentor/asj_fft_si_qe_so_bb.vhd,VHDL_ENCRYPT,MENTOR_SPECIFIC,ip_fft_fft_ii_0,false
simulation/submodules/aldec/asj_fft_si_qe_so_bb.vhd,VHDL_ENCRYPT,ALDEC_SPECIFIC,ip_fft_fft_ii_0,false
simulation/submodules/mentor/asj_fft_si_se_so_b.vhd,VHDL_ENCRYPT,MENTOR_SPECIFIC,ip_fft_fft_ii_0,false
simulation/submodules/aldec/asj_fft_si_se_so_b.vhd,VHDL_ENCRYPT,ALDEC_SPECIFIC,ip_fft_fft_ii_0,false
simulation/submodules/mentor/asj_fft_si_se_so_bb.vhd,VHDL_ENCRYPT,MENTOR_SPECIFIC,ip_fft_fft_ii_0,false
simulation/submodules/aldec/asj_fft_si_se_so_bb.vhd,VHDL_ENCRYPT,ALDEC_SPECIFIC,ip_fft_fft_ii_0,false
simulation/submodules/mentor/asj_fft_si_sose_so_b.vhd,VHDL_ENCRYPT,MENTOR_SPECIFIC,ip_fft_fft_ii_0,false
simulation/submodules/aldec/asj_fft_si_sose_so_b.vhd,VHDL_ENCRYPT,ALDEC_SPECIFIC,ip_fft_fft_ii_0,false
simulation/submodules/mentor/asj_fft_tdl.vhd,VHDL_ENCRYPT,MENTOR_SPECIFIC,ip_fft_fft_ii_0,false
simulation/submodules/aldec/asj_fft_tdl.vhd,VHDL_ENCRYPT,ALDEC_SPECIFIC,ip_fft_fft_ii_0,false
simulation/submodules/mentor/asj_fft_tdl_bit.vhd,VHDL_ENCRYPT,MENTOR_SPECIFIC,ip_fft_fft_ii_0,false
simulation/submodules/aldec/asj_fft_tdl_bit.vhd,VHDL_ENCRYPT,ALDEC_SPECIFIC,ip_fft_fft_ii_0,false
simulation/submodules/mentor/asj_fft_tdl_bit_rst.vhd,VHDL_ENCRYPT,MENTOR_SPECIFIC,ip_fft_fft_ii_0,false
simulation/submodules/aldec/asj_fft_tdl_bit_rst.vhd,VHDL_ENCRYPT,ALDEC_SPECIFIC,ip_fft_fft_ii_0,false
simulation/submodules/mentor/asj_fft_tdl_rst.vhd,VHDL_ENCRYPT,MENTOR_SPECIFIC,ip_fft_fft_ii_0,false
simulation/submodules/aldec/asj_fft_tdl_rst.vhd,VHDL_ENCRYPT,ALDEC_SPECIFIC,ip_fft_fft_ii_0,false
simulation/submodules/mentor/asj_fft_twadgen.vhd,VHDL_ENCRYPT,MENTOR_SPECIFIC,ip_fft_fft_ii_0,false
simulation/submodules/aldec/asj_fft_twadgen.vhd,VHDL_ENCRYPT,ALDEC_SPECIFIC,ip_fft_fft_ii_0,false
simulation/submodules/mentor/asj_fft_twadgen_dual.vhd,VHDL_ENCRYPT,MENTOR_SPECIFIC,ip_fft_fft_ii_0,false
simulation/submodules/aldec/asj_fft_twadgen_dual.vhd,VHDL_ENCRYPT,ALDEC_SPECIFIC,ip_fft_fft_ii_0,false
simulation/submodules/mentor/asj_fft_twadsogen.vhd,VHDL_ENCRYPT,MENTOR_SPECIFIC,ip_fft_fft_ii_0,false
simulation/submodules/aldec/asj_fft_twadsogen.vhd,VHDL_ENCRYPT,ALDEC_SPECIFIC,ip_fft_fft_ii_0,false
simulation/submodules/mentor/asj_fft_twadsogen_q.vhd,VHDL_ENCRYPT,MENTOR_SPECIFIC,ip_fft_fft_ii_0,false
simulation/submodules/aldec/asj_fft_twadsogen_q.vhd,VHDL_ENCRYPT,ALDEC_SPECIFIC,ip_fft_fft_ii_0,false
simulation/submodules/mentor/asj_fft_twiddle_ctrl_qe.vhd,VHDL_ENCRYPT,MENTOR_SPECIFIC,ip_fft_fft_ii_0,false
simulation/submodules/aldec/asj_fft_twiddle_ctrl_qe.vhd,VHDL_ENCRYPT,ALDEC_SPECIFIC,ip_fft_fft_ii_0,false
simulation/submodules/mentor/asj_fft_twid_rom_tdp.vhd,VHDL_ENCRYPT,MENTOR_SPECIFIC,ip_fft_fft_ii_0,false
simulation/submodules/aldec/asj_fft_twid_rom_tdp.vhd,VHDL_ENCRYPT,ALDEC_SPECIFIC,ip_fft_fft_ii_0,false
simulation/submodules/mentor/asj_fft_unbburst_ctrl.vhd,VHDL_ENCRYPT,MENTOR_SPECIFIC,ip_fft_fft_ii_0,false
simulation/submodules/aldec/asj_fft_unbburst_ctrl.vhd,VHDL_ENCRYPT,ALDEC_SPECIFIC,ip_fft_fft_ii_0,false
simulation/submodules/mentor/asj_fft_unbburst_ctrl_de.vhd,VHDL_ENCRYPT,MENTOR_SPECIFIC,ip_fft_fft_ii_0,false
simulation/submodules/aldec/asj_fft_unbburst_ctrl_de.vhd,VHDL_ENCRYPT,ALDEC_SPECIFIC,ip_fft_fft_ii_0,false
simulation/submodules/mentor/asj_fft_unbburst_ctrl_qe.vhd,VHDL_ENCRYPT,MENTOR_SPECIFIC,ip_fft_fft_ii_0,false
simulation/submodules/aldec/asj_fft_unbburst_ctrl_qe.vhd,VHDL_ENCRYPT,ALDEC_SPECIFIC,ip_fft_fft_ii_0,false
simulation/submodules/mentor/asj_fft_unbburst_sose_ctrl.vhd,VHDL_ENCRYPT,MENTOR_SPECIFIC,ip_fft_fft_ii_0,false
simulation/submodules/aldec/asj_fft_unbburst_sose_ctrl.vhd,VHDL_ENCRYPT,ALDEC_SPECIFIC,ip_fft_fft_ii_0,false
simulation/submodules/mentor/asj_fft_wrengen.vhd,VHDL_ENCRYPT,MENTOR_SPECIFIC,ip_fft_fft_ii_0,false
simulation/submodules/aldec/asj_fft_wrengen.vhd,VHDL_ENCRYPT,ALDEC_SPECIFIC,ip_fft_fft_ii_0,false
simulation/submodules/mentor/asj_fft_wrswgen.vhd,VHDL_ENCRYPT,MENTOR_SPECIFIC,ip_fft_fft_ii_0,false
simulation/submodules/aldec/asj_fft_wrswgen.vhd,VHDL_ENCRYPT,ALDEC_SPECIFIC,ip_fft_fft_ii_0,false
simulation/submodules/mentor/twid_rom.vhd,VHDL_ENCRYPT,MENTOR_SPECIFIC,ip_fft_fft_ii_0,false
simulation/submodules/aldec/twid_rom.vhd,VHDL_ENCRYPT,ALDEC_SPECIFIC,ip_fft_fft_ii_0,false
simulation/submodules/mentor/apn_fft_mult_cpx_1825.v,VERILOG_ENCRYPT,MENTOR_SPECIFIC,ip_fft_fft_ii_0,false
simulation/submodules/aldec/apn_fft_mult_cpx_1825.v,VERILOG_ENCRYPT,ALDEC_SPECIFIC,ip_fft_fft_ii_0,false
simulation/submodules/ip_fft_fft_ii_0.sv,SYSTEM_VERILOG,,ip_fft_fft_ii_0,false
simulation/submodules/c_model/mr42/How_To_Build.txt,OTHER,,ip_fft_fft_ii_0,false
simulation/submodules/c_model/mr42/SVSfftmodel.mexglx,OTHER,,ip_fft_fft_ii_0,false
simulation/submodules/c_model/mr42/SVSfftmodel.mexw32,OTHER,,ip_fft_fft_ii_0,false
simulation/submodules/c_model/mr42/expression.cpp,OTHER,,ip_fft_fft_ii_0,false
simulation/submodules/c_model/mr42/expression.h,OTHER,,ip_fft_fft_ii_0,false
simulation/submodules/c_model/mr42/fft.cpp,OTHER,,ip_fft_fft_ii_0,false
simulation/submodules/c_model/mr42/fft.h,OTHER,,ip_fft_fft_ii_0,false
simulation/submodules/c_model/mr42/fpCompiler.cpp,OTHER,,ip_fft_fft_ii_0,false
simulation/submodules/c_model/mr42/fpCompiler.h,OTHER,,ip_fft_fft_ii_0,false
simulation/submodules/c_model/mr42/model_c_wrapper.cpp,OTHER,,ip_fft_fft_ii_0,false
simulation/submodules/c_model/mr42/util.cpp,OTHER,,ip_fft_fft_ii_0,false
simulation/submodules/c_model/mr42/util.h,OTHER,,ip_fft_fft_ii_0,false
simulation/submodules/c_model/old_arch/Sfftmodel.c,OTHER,,ip_fft_fft_ii_0,false
simulation/submodules/c_model/old_arch/Sfftmodel.mexa64,OTHER,,ip_fft_fft_ii_0,false
simulation/submodules/c_model/old_arch/Sfftmodel.mexglx,OTHER,,ip_fft_fft_ii_0,false
simulation/submodules/c_model/old_arch/Sfftmodel.mexw32,OTHER,,ip_fft_fft_ii_0,false
simulation/submodules/c_model/old_arch/imag_input.txt,OTHER,,ip_fft_fft_ii_0,false
simulation/submodules/c_model/old_arch/model.c,OTHER,,ip_fft_fft_ii_0,false
simulation/submodules/c_model/old_arch/model_c_wrapper.c,OTHER,,ip_fft_fft_ii_0,false
simulation/submodules/c_model/old_arch/real_input.txt,OTHER,,ip_fft_fft_ii_0,false
simulation/submodules/c_model/old_arch/run_c_wrapper.sh,OTHER,,ip_fft_fft_ii_0,false
simulation/submodules/c_model/old_arch/run_model_c.sh,OTHER,,ip_fft_fft_ii_0,false
simulation/submodules/c_model/old_arch/tbcmex.m,OTHER,,ip_fft_fft_ii_0,false
simulation/submodules/c_model/r22sdf/SVSfftmodel.mexa64,OTHER,,ip_fft_fft_ii_0,false
simulation/submodules/c_model/r22sdf/SVSfftmodel.mexglx,OTHER,,ip_fft_fft_ii_0,false
simulation/submodules/c_model/r22sdf/SVSfftmodel.mexw32,OTHER,,ip_fft_fft_ii_0,false
simulation/submodules/c_model/r22sdf/blksize_report.txt,OTHER,,ip_fft_fft_ii_0,false
simulation/submodules/c_model/r22sdf/create_static_library.sh,OTHER,,ip_fft_fft_ii_0,false
simulation/submodules/c_model/r22sdf/expected_imag_out.txt,OTHER,,ip_fft_fft_ii_0,false
simulation/submodules/c_model/r22sdf/expected_real_out.txt,OTHER,,ip_fft_fft_ii_0,false
simulation/submodules/c_model/r22sdf/expression.cpp,OTHER,,ip_fft_fft_ii_0,false
simulation/submodules/c_model/r22sdf/expression.h,OTHER,,ip_fft_fft_ii_0,false
simulation/submodules/c_model/r22sdf/fft.cpp,OTHER,,ip_fft_fft_ii_0,false
simulation/submodules/c_model/r22sdf/fft.h,OTHER,,ip_fft_fft_ii_0,false
simulation/submodules/c_model/r22sdf/fft_model.m,OTHER,,ip_fft_fft_ii_0,false
simulation/submodules/c_model/r22sdf/fft_tb.m,OTHER,,ip_fft_fft_ii_0,false
simulation/submodules/c_model/r22sdf/fpCompiler.cpp,OTHER,,ip_fft_fft_ii_0,false
simulation/submodules/c_model/r22sdf/fpCompiler.h,OTHER,,ip_fft_fft_ii_0,false
simulation/submodules/c_model/r22sdf/how_to_compile.txt,OTHER,,ip_fft_fft_ii_0,false
simulation/submodules/c_model/r22sdf/imag_input.txt,OTHER,,ip_fft_fft_ii_0,false
simulation/submodules/c_model/r22sdf/main.cpp,OTHER,,ip_fft_fft_ii_0,false
simulation/submodules/c_model/r22sdf/model.cpp,OTHER,,ip_fft_fft_ii_0,false
simulation/submodules/c_model/r22sdf/model_c_wrapper.cpp,OTHER,,ip_fft_fft_ii_0,false
simulation/submodules/c_model/r22sdf/readme.txt,OTHER,,ip_fft_fft_ii_0,false
simulation/submodules/c_model/r22sdf/real_input.txt,OTHER,,ip_fft_fft_ii_0,false
simulation/submodules/c_model/r22sdf/sink.cpp,OTHER,,ip_fft_fft_ii_0,false
simulation/submodules/c_model/r22sdf/sink.h,OTHER,,ip_fft_fft_ii_0,false
simulation/submodules/c_model/r22sdf/source.cpp,OTHER,,ip_fft_fft_ii_0,false
simulation/submodules/c_model/r22sdf/source.h,OTHER,,ip_fft_fft_ii_0,false
simulation/submodules/c_model/r22sdf/system.cpp,OTHER,,ip_fft_fft_ii_0,false
simulation/submodules/c_model/r22sdf/system.h,OTHER,,ip_fft_fft_ii_0,false
simulation/submodules/c_model/r22sdf/util.cpp,OTHER,,ip_fft_fft_ii_0,false
simulation/submodules/c_model/r22sdf/util.h,OTHER,,ip_fft_fft_ii_0,false
#
# Map from instance-path to kind of module
instances:
instancePath,module
ip_fft.fft_ii_0,ip_fft_fft_ii_0
