# system info FIR_FSK2 on 2023.08.02.22:09:28
system_info:
name,value
DEVICE,10M08SAM153C8GES
DEVICE_FAMILY,MAX 10
GENERATION_ID,1690985366
#
#
# Files generated for FIR_FSK2 on 2023.08.02.22:09:28
files:
filepath,kind,attributes,module,is_top
simulation/FIR_FSK2.v,VERILOG,,FIR_FSK2,true
simulation/submodules/dspba_library_package.vhd,VHDL,,FIR_FSK2_fir_compiler_ii_0,false
simulation/submodules/dspba_library.vhd,VHDL,,FIR_FSK2_fir_compiler_ii_0,false
simulation/submodules/auk_dspip_math_pkg_hpfir.vhd,VHDL,,FIR_FSK2_fir_compiler_ii_0,false
simulation/submodules/auk_dspip_lib_pkg_hpfir.vhd,VHDL,,FIR_FSK2_fir_compiler_ii_0,false
simulation/submodules/auk_dspip_avalon_streaming_controller_hpfir.vhd,VHDL,,FIR_FSK2_fir_compiler_ii_0,false
simulation/submodules/auk_dspip_avalon_streaming_sink_hpfir.vhd,VHDL,,FIR_FSK2_fir_compiler_ii_0,false
simulation/submodules/auk_dspip_avalon_streaming_source_hpfir.vhd,VHDL,,FIR_FSK2_fir_compiler_ii_0,false
simulation/submodules/auk_dspip_roundsat_hpfir.vhd,VHDL,,FIR_FSK2_fir_compiler_ii_0,false
simulation/submodules/altera_avalon_sc_fifo.v,VERILOG,,FIR_FSK2_fir_compiler_ii_0,false
simulation/submodules/FIR_FSK2_fir_compiler_ii_0_rtl_core_u0_m0_wo0_cm0_lutmem.hex,HEX,,FIR_FSK2_fir_compiler_ii_0,false
simulation/submodules/FIR_FSK2_fir_compiler_ii_0_rtl_core_u0_m0_wo0_cm1_lutmem.hex,HEX,,FIR_FSK2_fir_compiler_ii_0,false
simulation/submodules/FIR_FSK2_fir_compiler_ii_0_rtl_core_u0_m0_wo0_wi0_r0_ra1_count1_lut_lutmem.hex,HEX,,FIR_FSK2_fir_compiler_ii_0,false
simulation/submodules/FIR_FSK2_fir_compiler_ii_0_rtl_core.vhd,VHDL,,FIR_FSK2_fir_compiler_ii_0,false
simulation/submodules/FIR_FSK2_fir_compiler_ii_0_ast.vhd,VHDL,,FIR_FSK2_fir_compiler_ii_0,false
simulation/submodules/FIR_FSK2_fir_compiler_ii_0.vhd,VHDL,,FIR_FSK2_fir_compiler_ii_0,false
simulation/submodules/FIR_FSK2_fir_compiler_ii_0_nativelink.tcl,OTHER,,FIR_FSK2_fir_compiler_ii_0,false
simulation/submodules/FIR_FSK2_fir_compiler_ii_0_msim.tcl,OTHER,,FIR_FSK2_fir_compiler_ii_0,false
simulation/submodules/FIR_FSK2_fir_compiler_ii_0_tb.vhd,VHDL,,FIR_FSK2_fir_compiler_ii_0,false
simulation/submodules/FIR_FSK2_fir_compiler_ii_0_mlab.m,OTHER,,FIR_FSK2_fir_compiler_ii_0,false
simulation/submodules/FIR_FSK2_fir_compiler_ii_0_model.m,OTHER,,FIR_FSK2_fir_compiler_ii_0,false
simulation/submodules/FIR_FSK2_fir_compiler_ii_0_coef_int.txt,OTHER,,FIR_FSK2_fir_compiler_ii_0,false
simulation/submodules/FIR_FSK2_fir_compiler_ii_0_input.txt,OTHER,,FIR_FSK2_fir_compiler_ii_0,false
simulation/submodules/FIR_FSK2_fir_compiler_ii_0_param.txt,OTHER,,FIR_FSK2_fir_compiler_ii_0,false
#
# Map from instance-path to kind of module
instances:
instancePath,module
FIR_FSK2.fir_compiler_ii_0,FIR_FSK2_fir_compiler_ii_0
