<?xml version="1.0" encoding="UTF-8"?>
<deploy
 date="2023.08.02.22:09:35"
 outputDirectory="D:/FPGA/ad9226_fft_spi_7.20/prj/ip_fir2/FIR_FSK2/">
 <perimeter>
  <parameter
     name="AUTO_GENERATION_ID"
     type="Integer"
     defaultValue="0"
     onHdl="0"
     affectsHdl="1" />
  <parameter
     name="AUTO_UNIQUE_ID"
     type="String"
     defaultValue=""
     onHdl="0"
     affectsHdl="1" />
  <parameter
     name="AUTO_DEVICE_FAMILY"
     type="String"
     defaultValue="MAX 10"
     onHdl="0"
     affectsHdl="1" />
  <parameter
     name="AUTO_DEVICE"
     type="String"
     defaultValue="10M08SAM153C8GES"
     onHdl="0"
     affectsHdl="1" />
  <parameter
     name="AUTO_DEVICE_SPEEDGRADE"
     type="String"
     defaultValue="8"
     onHdl="0"
     affectsHdl="1" />
  <parameter
     name="AUTO_CLK_CLOCK_RATE"
     type="Long"
     defaultValue="-1"
     onHdl="0"
     affectsHdl="1" />
  <parameter
     name="AUTO_CLK_CLOCK_DOMAIN"
     type="Integer"
     defaultValue="-1"
     onHdl="0"
     affectsHdl="1" />
  <parameter
     name="AUTO_CLK_RESET_DOMAIN"
     type="Integer"
     defaultValue="-1"
     onHdl="0"
     affectsHdl="1" />
  <interface name="avalon_streaming_sink" kind="avalon_streaming" start="0">
   <property name="associatedClock" value="clk" />
   <property name="associatedReset" value="rst" />
   <property name="beatsPerCycle" value="1" />
   <property name="dataBitsPerSymbol" value="12" />
   <property name="emptyWithinPacket" value="false" />
   <property name="errorDescriptor" value="" />
   <property name="firstSymbolInHighOrderBits" value="true" />
   <property name="highOrderSymbolAtMSB" value="false" />
   <property name="maxChannel" value="0" />
   <property name="packetDescription" value="" />
   <property name="readyLatency" value="0" />
   <property name="symbolsPerBeat" value="1" />
   <port name="ast_sink_data" direction="input" role="data" width="12" />
   <port name="ast_sink_valid" direction="input" role="valid" width="1" />
   <port name="ast_sink_error" direction="input" role="error" width="2" />
   <port name="ast_sink_ready" direction="output" role="ready" width="1" />
  </interface>
  <interface name="avalon_streaming_source" kind="avalon_streaming" start="1">
   <property name="associatedClock" value="clk" />
   <property name="associatedReset" value="rst" />
   <property name="beatsPerCycle" value="1" />
   <property name="dataBitsPerSymbol" value="32" />
   <property name="emptyWithinPacket" value="false" />
   <property name="errorDescriptor" value="" />
   <property name="firstSymbolInHighOrderBits" value="true" />
   <property name="highOrderSymbolAtMSB" value="false" />
   <property name="maxChannel" value="0" />
   <property name="packetDescription" value="" />
   <property name="readyLatency" value="0" />
   <property name="symbolsPerBeat" value="1" />
   <port name="ast_source_data" direction="output" role="data" width="32" />
   <port name="ast_source_valid" direction="output" role="valid" width="1" />
   <port name="ast_source_error" direction="output" role="error" width="2" />
   <port name="ast_source_ready" direction="input" role="ready" width="1" />
  </interface>
  <interface name="clk" kind="clock" start="0">
   <property name="clockRate" value="0" />
   <property name="externallyDriven" value="false" />
   <property name="ptfSchematicName" value="" />
   <port name="clk" direction="input" role="clk" width="1" />
  </interface>
  <interface name="rst" kind="reset" start="0">
   <property name="associatedClock" value="clk" />
   <property name="synchronousEdges" value="DEASSERT" />
   <port name="reset_n" direction="input" role="reset_n" width="1" />
  </interface>
 </perimeter>
 <entity
   path=""
   parameterizationKey="FIR_FSK2:1.0:AUTO_CLK_CLOCK_DOMAIN=-1,AUTO_CLK_CLOCK_RATE=-1,AUTO_CLK_RESET_DOMAIN=-1,AUTO_DEVICE=10M08SAM153C8GES,AUTO_DEVICE_FAMILY=MAX 10,AUTO_DEVICE_SPEEDGRADE=8,AUTO_GENERATION_ID=1690985373,AUTO_UNIQUE_ID=(altera_fir_compiler_ii:17.1:L_bandsFilter=1,MODE_STRING=None Set,ModeWidth=0,backPressure=true,bankCount=1,bankDisplay=0,bankInWidth=0,baseAddress=0,busAddressWidth=8,busDataWidth=16,chanPerInputInterface=1,chanPerOutputInterface=1,channelModes=0,1,2,3,clockRate=96,clockSlack=0,coeffBitWidth=12,coeffBitWidth_derived=12,coeffComplex=false,coeffFracBitWidth=0,coeffNum=185,coeffReload=false,coeffScaling=auto,coeffSetFixedValue=-51,7,-5,2,2,-8,13,-17,18,-18,14,-9,1,6,-14,19,-22,21,-17,8,1,-13,24,-32,35,-34,27,-15,0,15,-30,41,-46,44,-34,18,1,-23,43,-58,64,-62,49,-27,0,29,-56,76,-85,82,-64,35,1,-41,78,-105,118,-113,90,-50,0,55,-106,145,-163,158,-126,71,1,-81,156,-214,245,-239,194,-111,0,128,-255,360,-424,429,-361,217,1,-284,612,-960,1300,-1603,1842,-1994,2047,-1994,1842,-1603,1300,-960,612,-284,1,217,-361,429,-424,360,-255,128,0,-111,194,-239,245,-214,156,-81,1,71,-126,158,-163,145,-106,55,0,-50,90,-113,118,-105,78,-41,1,35,-64,82,-85,76,-56,29,0,-27,49,-62,64,-58,43,-23,1,18,-34,44,-46,41,-30,15,0,-15,27,-34,35,-32,24,-13,1,8,-17,21,-22,19,-14,6,1,-9,14,-18,18,-17,13,-8,2,2,-5,7,-51,coeffSetFixedValueImag=0,0,0,0,0,0,0,0,coeffSetRealValue=-0.003146374481,4.78469923E-4,-3.56050578E-4,1.32235283E-4,1.65826476E-4,-4.96220276E-4,8.06716697E-4,-0.001042834232,0.001156994374,-0.001117022589,9.12835882E-4,-5.60487045E-4,1.02150355E-4,3.98396552E-4,-8.64259846E-4,0.00121665415,-0.001387615996,0.001332441963,-0.001039518985,5.35343549E-4,1.16516738E-4,-8.22694861E-4,0.001472982633,-0.001957213479,0.002183190525,-0.002092341246,0.001671285408,-9.58248375E-4,4.3175591E-5,9.41102928E-4,-0.001838763985,0.002513839281,-0.002823480456,0.002698935818,-0.002122136299,0.001150672102,9.1086749E-5,-0.001425629048,0.002646465777,-0.003549309116,0.003965126509,-0.003789531632,0.003004294463,-0.00168701814,6.269156E-6,0.001798448184,-0.003449503904,0.004672327901,-0.005239221298,0.005009161645,-0.003956767417,0.002184927111,8.1658544E-5,-0.002522186832,0.004762522031,-0.006430336095,0.007214428819,-0.006918397371,0.005499538702,-0.003087583541,-1.9980783E-5,0.003387208987,-0.006508188983,0.008862254265,-0.010009622731,0.00965532408,-0.007713901687,0.004338982266,7.8195433E-5,-0.00494556365,0.009540686364,-0.013107542563,0.01496680258,-0.014624936282,0.011866933251,-0.00681854914,-3.3371278E-5,0.007868510492,-0.015608029497,0.022029912493,-0.025912496594,0.026189463341,-0.0220965093,0.013290045764,7.838864E-5,-0.017342873314,0.037364177232,-0.058629153607,0.079398673874,-0.097886481478,0.112448066575,-0.121758253237,0.124961609441,-0.121758253237,0.112448066575,-0.097886481478,0.079398673874,-0.058629153607,0.037364177232,-0.017342873314,7.838864E-5,0.013290045764,-0.0220965093,0.026189463341,-0.025912496594,0.022029912493,-0.015608029497,0.007868510492,-3.3371278E-5,-0.00681854914,0.011866933251,-0.014624936282,0.01496680258,-0.013107542563,0.009540686364,-0.00494556365,7.8195433E-5,0.004338982266,-0.007713901687,0.00965532408,-0.010009622731,0.008862254265,-0.006508188983,0.003387208987,-1.9980783E-5,-0.003087583541,0.005499538702,-0.006918397371,0.007214428819,-0.006430336095,0.004762522031,-0.002522186832,8.1658544E-5,0.002184927111,-0.003956767417,0.005009161645,-0.005239221298,0.004672327901,-0.003449503904,0.001798448184,6.269156E-6,-0.00168701814,0.003004294463,-0.003789531632,0.003965126509,-0.003549309116,0.002646465777,-0.001425629048,9.1086749E-5,0.001150672102,-0.002122136299,0.002698935818,-0.002823480456,0.002513839281,-0.001838763985,9.41102928E-4,4.3175591E-5,-9.58248375E-4,0.001671285408,-0.002092341246,0.002183190525,-0.001957213479,0.001472982633,-8.22694861E-4,1.16516738E-4,5.35343549E-4,-0.001039518985,0.001332441963,-0.001387615996,0.00121665415,-8.64259846E-4,3.98396552E-4,1.02150355E-4,-5.60487045E-4,9.12835882E-4,-0.001117022589,0.001156994374,-0.001042834232,8.06716697E-4,-4.96220276E-4,1.65826476E-4,1.32235283E-4,-3.56050578E-4,4.78469923E-4,-0.003146374481,coeffSetRealValueImag=0.0, 0.0, 0.0, 0.0, 0.0, 0.0, 0.0, 0.0, 0.0, 0.0, 0.0, 0.0, -0.0530093, -0.04498, 0.0, 0.0749693, 0.159034, 0.224907, 0.249809, 0.224907, 0.159034, 0.0749693, 0.0, -0.04498, -0.0530093, -0.0321283, 0.0, 0.0, 0.0, 0.0, 0.0, 0.0, 0.0, 0.0, 0.0, 0.0, 0.0,coeffSetScaleValue=-0.0031133571477728384,0.000427323530086468,-0.00030523109291890574,0.0001220924371675623,0.0001220924371675623,-0.0004883697486702492,0.0007936008415891549,-0.0010377857159242795,0.0010988319345080605,-0.0010988319345080605,0.000854647060172936,-0.0005494159672540303,6.104621858378115e-5,0.0003662773115026869,-0.000854647060172936,0.0011598781530918418,-0.0013430168088431852,0.0012819705902594042,-0.0010377857159242795,0.0004883697486702492,6.104621858378115e-5,-0.0007936008415891549,0.0014651092460107476,-0.0019534789946809967,0.0021366176504323403,-0.002075571431848559,0.001648247901762091,-0.0009156932787567172,0.0,0.0009156932787567172,-0.0018313865575134345,0.002502894961935027,-0.002808126054853933,0.0026860336176863704,-0.002075571431848559,0.0010988319345080605,6.104621858378115e-5,-0.0014040630274269664,0.002624987399102589,-0.0035406806778593065,0.003906957989361993,-0.0037848655521944313,0.0029912647106052764,-0.001648247901762091,0.0,0.0017703403389296532,-0.003418588240691744,0.004639512612367367,-0.0051889285796213975,0.005005789923870054,-0.003906957989361993,0.0021366176504323403,6.104621858378115e-5,-0.002502894961935027,0.0047616050495349295,-0.00640985295129702,0.007203453792886175,-0.00689822269996727,0.005494159672540303,-0.003052310929189057,0.0,0.0033575420221079633,-0.006470899169880802,0.008851701694648266,-0.009950533629156327,0.00964530253623742,-0.007691823541556424,0.004334281519448461,6.104621858378115e-5,-0.004944743705286273,0.009523210099069859,-0.013063890776929165,0.01495632355302638,-0.014590046241523694,0.011842966405253542,-0.006776130262799707,0.0,0.007813915978723987,-0.015566785738864192,0.021976638690161213,-0.025883596679523207,0.02618882777244211,-0.022037684908744994,0.013247029432680508,6.104621858378115e-5,-0.017337126077793846,0.03736028577327406,-0.0586043698404299,0.07936008415891549,-0.09785708838980117,0.11244713463132487,-0.12172615985605961,0.124961609441,-0.12172615985605961,0.11244713463132487,-0.09785708838980117,0.07936008415891549,-0.0586043698404299,0.03736028577327406,-0.017337126077793846,6.104621858378115e-5,0.013247029432680508,-0.022037684908744994,0.02618882777244211,-0.025883596679523207,0.021976638690161213,-0.015566785738864192,0.007813915978723987,0.0,-0.006776130262799707,0.011842966405253542,-0.014590046241523694,0.01495632355302638,-0.013063890776929165,0.009523210099069859,-0.004944743705286273,6.104621858378115e-5,0.004334281519448461,-0.007691823541556424,0.00964530253623742,-0.009950533629156327,0.008851701694648266,-0.006470899169880802,0.0033575420221079633,0.0,-0.003052310929189057,0.005494159672540303,-0.00689822269996727,0.007203453792886175,-0.00640985295129702,0.0047616050495349295,-0.002502894961935027,6.104621858378115e-5,0.0021366176504323403,-0.003906957989361993,0.005005789923870054,-0.0051889285796213975,0.004639512612367367,-0.003418588240691744,0.0017703403389296532,0.0,-0.001648247901762091,0.0029912647106052764,-0.0037848655521944313,0.003906957989361993,-0.0035406806778593065,0.002624987399102589,-0.0014040630274269664,6.104621858378115e-5,0.0010988319345080605,-0.002075571431848559,0.0026860336176863704,-0.002808126054853933,0.002502894961935027,-0.0018313865575134345,0.0009156932787567172,0.0,-0.0009156932787567172,0.001648247901762091,-0.002075571431848559,0.0021366176504323403,-0.0019534789946809967,0.0014651092460107476,-0.0007936008415891549,6.104621858378115e-5,0.0004883697486702492,-0.0010377857159242795,0.0012819705902594042,-0.0013430168088431852,0.0011598781530918418,-0.000854647060172936,0.0003662773115026869,6.104621858378115e-5,-0.0005494159672540303,0.000854647060172936,-0.0010988319345080605,0.0010988319345080605,-0.0010377857159242795,0.0007936008415891549,-0.0004883697486702492,0.0001220924371675623,0.0001220924371675623,-0.00030523109291890574,0.000427323530086468,-0.0031133571477728384,coeffSetScaleValueImag=0.0,0.0,0.0,0.0,0.0,0.0,0.0,0.0,coeffType=int,coefficientReadback=false,coefficientWriteable=false,decimFactor=1,delayRAMBlockThreshold=20,deviceFamily=MAX 10,dspCount=2,dualMemDistRAMThreshold=1280,errorList=0,filterType=single,funcResult=-interp=1 -decim=1 -incycles=116 -len=185 -bankcount=1 -nsym -nband=1 -chans=1 -family=&quot;MAX 10&quot; 
|{}|1|1|1|1|32|0|19|3|noCode|LUTS: 242 DSPs: 2 RAM Bits: 6048|,hardMultiplierThreshold=-1,inputBitWidth=12,inputChannelNum=1,inputFracBitWidth=0,inputInterfaceNum=1,inputRate=0.820513,inputType=int,interpFactor=1,karatsuba=false,latency=19,latency_realOnly=19,lutCount=242,mRAMThreshold=1000000,memBitCount=6048,modeFormatted=--,num_modes=2,outBitWidth=32,outFracBitWidth=0,outFullFracBitWidth=0,outFullFracBitWidth_realOnly=0,outLSBRound=trunc,outLsbBitRem=0,outMSBRound=trunc,outMsbBitRem=0,outType=int,outWidth=32,outWidth_realOnly=32,outputInterfaceNum=1,outputfifodepth=4,outputfifodepth_realOnly=3,readWriteMode=read_write,reconfigurable=false,reconfigurable_list=0,speedGrade=medium,symmetryMode=nsym)"
   instancePathKey="FIR_FSK2"
   kind="FIR_FSK2"
   version="1.0"
   name="FIR_FSK2">
  <parameter name="AUTO_CLK_CLOCK_RATE" value="-1" />
  <parameter name="AUTO_GENERATION_ID" value="1690985373" />
  <parameter name="AUTO_DEVICE" value="10M08SAM153C8GES" />
  <parameter name="AUTO_DEVICE_FAMILY" value="MAX 10" />
  <parameter name="AUTO_CLK_RESET_DOMAIN" value="-1" />
  <parameter name="AUTO_CLK_CLOCK_DOMAIN" value="-1" />
  <parameter name="AUTO_UNIQUE_ID" value="" />
  <parameter name="AUTO_DEVICE_SPEEDGRADE" value="8" />
  <generatedFiles>
   <file
       path="D:/FPGA/ad9226_fft_spi_7.20/prj/ip_fir2/FIR_FSK2/synthesis/FIR_FSK2.v"
       type="VERILOG" />
  </generatedFiles>
  <childGeneratedFiles>
   <file
       path="D:/FPGA/ad9226_fft_spi_7.20/prj/ip_fir2/FIR_FSK2/synthesis/submodules/dspba_library_package.vhd"
       type="VHDL"
       attributes="" />
   <file
       path="D:/FPGA/ad9226_fft_spi_7.20/prj/ip_fir2/FIR_FSK2/synthesis/submodules/dspba_library.vhd"
       type="VHDL"
       attributes="" />
   <file
       path="D:/FPGA/ad9226_fft_spi_7.20/prj/ip_fir2/FIR_FSK2/synthesis/submodules/auk_dspip_math_pkg_hpfir.vhd"
       type="VHDL"
       attributes="" />
   <file
       path="D:/FPGA/ad9226_fft_spi_7.20/prj/ip_fir2/FIR_FSK2/synthesis/submodules/auk_dspip_lib_pkg_hpfir.vhd"
       type="VHDL"
       attributes="" />
   <file
       path="D:/FPGA/ad9226_fft_spi_7.20/prj/ip_fir2/FIR_FSK2/synthesis/submodules/auk_dspip_avalon_streaming_controller_hpfir.vhd"
       type="VHDL"
       attributes="" />
   <file
       path="D:/FPGA/ad9226_fft_spi_7.20/prj/ip_fir2/FIR_FSK2/synthesis/submodules/auk_dspip_avalon_streaming_sink_hpfir.vhd"
       type="VHDL"
       attributes="" />
   <file
       path="D:/FPGA/ad9226_fft_spi_7.20/prj/ip_fir2/FIR_FSK2/synthesis/submodules/auk_dspip_avalon_streaming_source_hpfir.vhd"
       type="VHDL"
       attributes="" />
   <file
       path="D:/FPGA/ad9226_fft_spi_7.20/prj/ip_fir2/FIR_FSK2/synthesis/submodules/auk_dspip_roundsat_hpfir.vhd"
       type="VHDL"
       attributes="" />
   <file
       path="D:/FPGA/ad9226_fft_spi_7.20/prj/ip_fir2/FIR_FSK2/synthesis/submodules/altera_avalon_sc_fifo.v"
       type="VERILOG"
       attributes="" />
   <file
       path="D:/FPGA/ad9226_fft_spi_7.20/prj/ip_fir2/FIR_FSK2/synthesis/submodules/FIR_FSK2_fir_compiler_ii_0_rtl_core_u0_m0_wo0_cm0_lutmem.hex"
       type="HEX"
       attributes="" />
   <file
       path="D:/FPGA/ad9226_fft_spi_7.20/prj/ip_fir2/FIR_FSK2/synthesis/submodules/FIR_FSK2_fir_compiler_ii_0_rtl_core_u0_m0_wo0_cm1_lutmem.hex"
       type="HEX"
       attributes="" />
   <file
       path="D:/FPGA/ad9226_fft_spi_7.20/prj/ip_fir2/FIR_FSK2/synthesis/submodules/FIR_FSK2_fir_compiler_ii_0_rtl_core_u0_m0_wo0_wi0_r0_ra1_count1_lut_lutmem.hex"
       type="HEX"
       attributes="" />
   <file
       path="D:/FPGA/ad9226_fft_spi_7.20/prj/ip_fir2/FIR_FSK2/synthesis/submodules/FIR_FSK2_fir_compiler_ii_0_rtl_core.vhd"
       type="VHDL"
       attributes="" />
   <file
       path="D:/FPGA/ad9226_fft_spi_7.20/prj/ip_fir2/FIR_FSK2/synthesis/submodules/FIR_FSK2_fir_compiler_ii_0_ast.vhd"
       type="VHDL"
       attributes="" />
   <file
       path="D:/FPGA/ad9226_fft_spi_7.20/prj/ip_fir2/FIR_FSK2/synthesis/submodules/FIR_FSK2_fir_compiler_ii_0.vhd"
       type="VHDL"
       attributes="" />
  </childGeneratedFiles>
  <sourceFiles>
   <file path="D:/FPGA/ad9226_fft_spi_7.20/prj/ip_fir2/FIR_FSK2.qsys" />
  </sourceFiles>
  <childSourceFiles>
   <file
       path="D:/intelfpga/17.1/ip/altera/dsp/altera_fir_compiler_ii/src/HP_FIR_hw.tcl" />
  </childSourceFiles>
  <messages>
   <message level="Debug" culprit="FIR_FSK2">queue size: 0 starting:FIR_FSK2 "FIR_FSK2"</message>
   <message level="Progress" culprit="min"></message>
   <message level="Progress" culprit="max"></message>
   <message level="Progress" culprit="current"></message>
   <message level="Debug">Transform: CustomInstructionTransform</message>
   <message level="Debug">No custom instruction connections, skipping transform </message>
   <message level="Debug" culprit="merlin_custom_instruction_transform"><![CDATA[After transform: <b>1</b> modules, <b>0</b> connections]]></message>
   <message level="Debug">Transform: MMTransform</message>
   <message level="Debug">Transform: InterruptMapperTransform</message>
   <message level="Debug">Transform: InterruptSyncTransform</message>
   <message level="Debug">Transform: InterruptFanoutTransform</message>
   <message level="Debug">Transform: AvalonStreamingTransform</message>
   <message level="Debug">Transform: ResetAdaptation</message>
   <message level="Debug" culprit="FIR_FSK2"><![CDATA["<b>FIR_FSK2</b>" reuses <b>altera_fir_compiler_ii</b> "<b>submodules/FIR_FSK2_fir_compiler_ii_0</b>"]]></message>
   <message level="Debug" culprit="FIR_FSK2">queue size: 0 starting:altera_fir_compiler_ii "submodules/FIR_FSK2_fir_compiler_ii_0"</message>
   <message level="Debug" culprit="fir_compiler_ii_0"><![CDATA[D:/intelfpga/17.1/quartus/dspba/backend/windows64/fir_ip_api_interface FIR_FSK2_fir_compiler_ii_0_rtl_core . MAX10 medium 0 96 1 0.820513 185 1 1 1 nsym 1 12 0 12 0 0 false false -- 16 8 20 1280 1000000 -1 true true 1 -- <<< -51,7,-5,2,2,-8,13,-17,18,-18,14,-9,1,6,-14,19,-22,21,-17,8,1,-13,24,-32,35,-34,27,-15,0,15,-30,41,-46,44,-34,18,1,-23,43,-58,64,-62,49,-27,0,29,-56,76,-85,82,-64,35,1,-41,78,-105,118,-113,90,-50,0,55,-106,145,-163,158,-126,71,1,-81,156,-214,245,-239,194,-111,0,128,-255,360,-424,429,-361,217,1,-284,612,-960,1300,-1603,1842,-1994,2047,-1994,1842,-1603,1300,-960,612,-284,1,217,-361,429,-424,360,-255,128,0,-111,194,-239,245,-214,156,-81,1,71,-126,158,-163,145,-106,55,0,-50,90,-113,118,-105,78,-41,1,35,-64,82,-85,76,-56,29,0,-27,49,-62,64,-58,43,-23,1,18,-34,44,-46,41,-30,15,0,-15,27,-34,35,-32,24,-13,1,8,-17,21,-22,19,-14,6,1,-9,14,-18,18,-17,13,-8,2,2,-5,7,-51 ]]></message>
   <message level="Debug" culprit="fir_compiler_ii_0"><![CDATA[OUTPARAMS -interp=1 -decim=1 -incycles=116 -len=185 -bankcount=1 -nsym -nband=1 -chans=1 -family="MAX 10" 
|{}|1|1|1|1|32|0|19|3|true|LUTS: 242 DSPs: 2 RAM Bits: 6048|FIR_FSK2_fir_compiler_ii_0_rtl_core.vhd|FIR_FSK2_fir_compiler_ii_0_rtl_core_u0_m0_wo0_wi0_r0_ra1_count1_lut_lutmem.hex|FIR_FSK2_fir_compiler_ii_0_rtl_core_u0_m0_wo0_cm0_lutmem.hex|FIR_FSK2_fir_compiler_ii_0_rtl_core_u0_m0_wo0_cm1_lutmem.hex|FIR_FSK2_fir_compiler_ii_0_rtl_core_u0_m0_wo0_wi0_r0_ra1_count1_lut_lutmem.hex|FIR_FSK2_fir_compiler_ii_0_rtl_core_u0_m0_wo0_cm0_lutmem.hex|FIR_FSK2_fir_compiler_ii_0_rtl_core_u0_m0_wo0_cm1_lutmem.hex|]]></message>
   <message level="Info" culprit="fir_compiler_ii_0">PhysChanIn 1, PhysChanOut 1, ChansPerPhyIn 1, ChansPerPhyOut 1, OutputFullBitWidth 32, Bankcount 1, Latency 19, CoefBitWidth 12</message>
   <message level="Info" culprit="fir_compiler_ii_0"><![CDATA["<b>FIR_FSK2</b>" instantiated <b>altera_fir_compiler_ii</b> "<b>fir_compiler_ii_0</b>"]]></message>
  </messages>
 </entity>
 <entity
   path="submodules/"
   parameterizationKey="altera_fir_compiler_ii:17.1:L_bandsFilter=1,MODE_STRING=None Set,ModeWidth=0,backPressure=true,bankCount=1,bankDisplay=0,bankInWidth=0,baseAddress=0,busAddressWidth=8,busDataWidth=16,chanPerInputInterface=1,chanPerOutputInterface=1,channelModes=0,1,2,3,clockRate=96,clockSlack=0,coeffBitWidth=12,coeffBitWidth_derived=12,coeffComplex=false,coeffFracBitWidth=0,coeffNum=185,coeffReload=false,coeffScaling=auto,coeffSetFixedValue=-51,7,-5,2,2,-8,13,-17,18,-18,14,-9,1,6,-14,19,-22,21,-17,8,1,-13,24,-32,35,-34,27,-15,0,15,-30,41,-46,44,-34,18,1,-23,43,-58,64,-62,49,-27,0,29,-56,76,-85,82,-64,35,1,-41,78,-105,118,-113,90,-50,0,55,-106,145,-163,158,-126,71,1,-81,156,-214,245,-239,194,-111,0,128,-255,360,-424,429,-361,217,1,-284,612,-960,1300,-1603,1842,-1994,2047,-1994,1842,-1603,1300,-960,612,-284,1,217,-361,429,-424,360,-255,128,0,-111,194,-239,245,-214,156,-81,1,71,-126,158,-163,145,-106,55,0,-50,90,-113,118,-105,78,-41,1,35,-64,82,-85,76,-56,29,0,-27,49,-62,64,-58,43,-23,1,18,-34,44,-46,41,-30,15,0,-15,27,-34,35,-32,24,-13,1,8,-17,21,-22,19,-14,6,1,-9,14,-18,18,-17,13,-8,2,2,-5,7,-51,coeffSetFixedValueImag=0,0,0,0,0,0,0,0,coeffSetRealValue=-0.003146374481,4.78469923E-4,-3.56050578E-4,1.32235283E-4,1.65826476E-4,-4.96220276E-4,8.06716697E-4,-0.001042834232,0.001156994374,-0.001117022589,9.12835882E-4,-5.60487045E-4,1.02150355E-4,3.98396552E-4,-8.64259846E-4,0.00121665415,-0.001387615996,0.001332441963,-0.001039518985,5.35343549E-4,1.16516738E-4,-8.22694861E-4,0.001472982633,-0.001957213479,0.002183190525,-0.002092341246,0.001671285408,-9.58248375E-4,4.3175591E-5,9.41102928E-4,-0.001838763985,0.002513839281,-0.002823480456,0.002698935818,-0.002122136299,0.001150672102,9.1086749E-5,-0.001425629048,0.002646465777,-0.003549309116,0.003965126509,-0.003789531632,0.003004294463,-0.00168701814,6.269156E-6,0.001798448184,-0.003449503904,0.004672327901,-0.005239221298,0.005009161645,-0.003956767417,0.002184927111,8.1658544E-5,-0.002522186832,0.004762522031,-0.006430336095,0.007214428819,-0.006918397371,0.005499538702,-0.003087583541,-1.9980783E-5,0.003387208987,-0.006508188983,0.008862254265,-0.010009622731,0.00965532408,-0.007713901687,0.004338982266,7.8195433E-5,-0.00494556365,0.009540686364,-0.013107542563,0.01496680258,-0.014624936282,0.011866933251,-0.00681854914,-3.3371278E-5,0.007868510492,-0.015608029497,0.022029912493,-0.025912496594,0.026189463341,-0.0220965093,0.013290045764,7.838864E-5,-0.017342873314,0.037364177232,-0.058629153607,0.079398673874,-0.097886481478,0.112448066575,-0.121758253237,0.124961609441,-0.121758253237,0.112448066575,-0.097886481478,0.079398673874,-0.058629153607,0.037364177232,-0.017342873314,7.838864E-5,0.013290045764,-0.0220965093,0.026189463341,-0.025912496594,0.022029912493,-0.015608029497,0.007868510492,-3.3371278E-5,-0.00681854914,0.011866933251,-0.014624936282,0.01496680258,-0.013107542563,0.009540686364,-0.00494556365,7.8195433E-5,0.004338982266,-0.007713901687,0.00965532408,-0.010009622731,0.008862254265,-0.006508188983,0.003387208987,-1.9980783E-5,-0.003087583541,0.005499538702,-0.006918397371,0.007214428819,-0.006430336095,0.004762522031,-0.002522186832,8.1658544E-5,0.002184927111,-0.003956767417,0.005009161645,-0.005239221298,0.004672327901,-0.003449503904,0.001798448184,6.269156E-6,-0.00168701814,0.003004294463,-0.003789531632,0.003965126509,-0.003549309116,0.002646465777,-0.001425629048,9.1086749E-5,0.001150672102,-0.002122136299,0.002698935818,-0.002823480456,0.002513839281,-0.001838763985,9.41102928E-4,4.3175591E-5,-9.58248375E-4,0.001671285408,-0.002092341246,0.002183190525,-0.001957213479,0.001472982633,-8.22694861E-4,1.16516738E-4,5.35343549E-4,-0.001039518985,0.001332441963,-0.001387615996,0.00121665415,-8.64259846E-4,3.98396552E-4,1.02150355E-4,-5.60487045E-4,9.12835882E-4,-0.001117022589,0.001156994374,-0.001042834232,8.06716697E-4,-4.96220276E-4,1.65826476E-4,1.32235283E-4,-3.56050578E-4,4.78469923E-4,-0.003146374481,coeffSetRealValueImag=0.0, 0.0, 0.0, 0.0, 0.0, 0.0, 0.0, 0.0, 0.0, 0.0, 0.0, 0.0, -0.0530093, -0.04498, 0.0, 0.0749693, 0.159034, 0.224907, 0.249809, 0.224907, 0.159034, 0.0749693, 0.0, -0.04498, -0.0530093, -0.0321283, 0.0, 0.0, 0.0, 0.0, 0.0, 0.0, 0.0, 0.0, 0.0, 0.0, 0.0,coeffSetScaleValue=-0.0031133571477728384,0.000427323530086468,-0.00030523109291890574,0.0001220924371675623,0.0001220924371675623,-0.0004883697486702492,0.0007936008415891549,-0.0010377857159242795,0.0010988319345080605,-0.0010988319345080605,0.000854647060172936,-0.0005494159672540303,6.104621858378115e-5,0.0003662773115026869,-0.000854647060172936,0.0011598781530918418,-0.0013430168088431852,0.0012819705902594042,-0.0010377857159242795,0.0004883697486702492,6.104621858378115e-5,-0.0007936008415891549,0.0014651092460107476,-0.0019534789946809967,0.0021366176504323403,-0.002075571431848559,0.001648247901762091,-0.0009156932787567172,0.0,0.0009156932787567172,-0.0018313865575134345,0.002502894961935027,-0.002808126054853933,0.0026860336176863704,-0.002075571431848559,0.0010988319345080605,6.104621858378115e-5,-0.0014040630274269664,0.002624987399102589,-0.0035406806778593065,0.003906957989361993,-0.0037848655521944313,0.0029912647106052764,-0.001648247901762091,0.0,0.0017703403389296532,-0.003418588240691744,0.004639512612367367,-0.0051889285796213975,0.005005789923870054,-0.003906957989361993,0.0021366176504323403,6.104621858378115e-5,-0.002502894961935027,0.0047616050495349295,-0.00640985295129702,0.007203453792886175,-0.00689822269996727,0.005494159672540303,-0.003052310929189057,0.0,0.0033575420221079633,-0.006470899169880802,0.008851701694648266,-0.009950533629156327,0.00964530253623742,-0.007691823541556424,0.004334281519448461,6.104621858378115e-5,-0.004944743705286273,0.009523210099069859,-0.013063890776929165,0.01495632355302638,-0.014590046241523694,0.011842966405253542,-0.006776130262799707,0.0,0.007813915978723987,-0.015566785738864192,0.021976638690161213,-0.025883596679523207,0.02618882777244211,-0.022037684908744994,0.013247029432680508,6.104621858378115e-5,-0.017337126077793846,0.03736028577327406,-0.0586043698404299,0.07936008415891549,-0.09785708838980117,0.11244713463132487,-0.12172615985605961,0.124961609441,-0.12172615985605961,0.11244713463132487,-0.09785708838980117,0.07936008415891549,-0.0586043698404299,0.03736028577327406,-0.017337126077793846,6.104621858378115e-5,0.013247029432680508,-0.022037684908744994,0.02618882777244211,-0.025883596679523207,0.021976638690161213,-0.015566785738864192,0.007813915978723987,0.0,-0.006776130262799707,0.011842966405253542,-0.014590046241523694,0.01495632355302638,-0.013063890776929165,0.009523210099069859,-0.004944743705286273,6.104621858378115e-5,0.004334281519448461,-0.007691823541556424,0.00964530253623742,-0.009950533629156327,0.008851701694648266,-0.006470899169880802,0.0033575420221079633,0.0,-0.003052310929189057,0.005494159672540303,-0.00689822269996727,0.007203453792886175,-0.00640985295129702,0.0047616050495349295,-0.002502894961935027,6.104621858378115e-5,0.0021366176504323403,-0.003906957989361993,0.005005789923870054,-0.0051889285796213975,0.004639512612367367,-0.003418588240691744,0.0017703403389296532,0.0,-0.001648247901762091,0.0029912647106052764,-0.0037848655521944313,0.003906957989361993,-0.0035406806778593065,0.002624987399102589,-0.0014040630274269664,6.104621858378115e-5,0.0010988319345080605,-0.002075571431848559,0.0026860336176863704,-0.002808126054853933,0.002502894961935027,-0.0018313865575134345,0.0009156932787567172,0.0,-0.0009156932787567172,0.001648247901762091,-0.002075571431848559,0.0021366176504323403,-0.0019534789946809967,0.0014651092460107476,-0.0007936008415891549,6.104621858378115e-5,0.0004883697486702492,-0.0010377857159242795,0.0012819705902594042,-0.0013430168088431852,0.0011598781530918418,-0.000854647060172936,0.0003662773115026869,6.104621858378115e-5,-0.0005494159672540303,0.000854647060172936,-0.0010988319345080605,0.0010988319345080605,-0.0010377857159242795,0.0007936008415891549,-0.0004883697486702492,0.0001220924371675623,0.0001220924371675623,-0.00030523109291890574,0.000427323530086468,-0.0031133571477728384,coeffSetScaleValueImag=0.0,0.0,0.0,0.0,0.0,0.0,0.0,0.0,coeffType=int,coefficientReadback=false,coefficientWriteable=false,decimFactor=1,delayRAMBlockThreshold=20,deviceFamily=MAX 10,dspCount=2,dualMemDistRAMThreshold=1280,errorList=0,filterType=single,funcResult=-interp=1 -decim=1 -incycles=116 -len=185 -bankcount=1 -nsym -nband=1 -chans=1 -family=&quot;MAX 10&quot; 
|{}|1|1|1|1|32|0|19|3|noCode|LUTS: 242 DSPs: 2 RAM Bits: 6048|,hardMultiplierThreshold=-1,inputBitWidth=12,inputChannelNum=1,inputFracBitWidth=0,inputInterfaceNum=1,inputRate=0.820513,inputType=int,interpFactor=1,karatsuba=false,latency=19,latency_realOnly=19,lutCount=242,mRAMThreshold=1000000,memBitCount=6048,modeFormatted=--,num_modes=2,outBitWidth=32,outFracBitWidth=0,outFullFracBitWidth=0,outFullFracBitWidth_realOnly=0,outLSBRound=trunc,outLsbBitRem=0,outMSBRound=trunc,outMsbBitRem=0,outType=int,outWidth=32,outWidth_realOnly=32,outputInterfaceNum=1,outputfifodepth=4,outputfifodepth_realOnly=3,readWriteMode=read_write,reconfigurable=false,reconfigurable_list=0,speedGrade=medium,symmetryMode=nsym"
   instancePathKey="FIR_FSK2:.:fir_compiler_ii_0"
   kind="altera_fir_compiler_ii"
   version="17.1"
   name="FIR_FSK2_fir_compiler_ii_0">
  <parameter name="outBitWidth" value="32" />
  <parameter name="inputFracBitWidth" value="0" />
  <parameter
     name="coeffSetRealValueImag"
     value="0.0, 0.0, 0.0, 0.0, 0.0, 0.0, 0.0, 0.0, 0.0, 0.0, 0.0, 0.0, -0.0530093, -0.04498, 0.0, 0.0749693, 0.159034, 0.224907, 0.249809, 0.224907, 0.159034, 0.0749693, 0.0, -0.04498, -0.0530093, -0.0321283, 0.0, 0.0, 0.0, 0.0, 0.0, 0.0, 0.0, 0.0, 0.0, 0.0, 0.0" />
  <parameter name="inputInterfaceNum" value="1" />
  <parameter name="MODE_STRING" value="None Set" />
  <parameter
     name="funcResult"
     value="-interp=1 -decim=1 -incycles=116 -len=185 -bankcount=1 -nsym -nband=1 -chans=1 -family=&quot;MAX 10&quot; 
|{}|1|1|1|1|32|0|19|3|noCode|LUTS: 242 DSPs: 2 RAM Bits: 6048|" />
  <parameter name="speedGrade" value="medium" />
  <parameter name="outFullFracBitWidth_realOnly" value="0" />
  <parameter name="coeffBitWidth" value="12" />
  <parameter name="coeffType" value="int" />
  <parameter name="outMSBRound" value="trunc" />
  <parameter name="outLSBRound" value="trunc" />
  <parameter name="coeffReload" value="false" />
  <parameter name="delayRAMBlockThreshold" value="20" />
  <parameter name="inputType" value="int" />
  <parameter name="chanPerOutputInterface" value="1" />
  <parameter name="busAddressWidth" value="8" />
  <parameter name="coefficientWriteable" value="false" />
  <parameter name="coeffSetFixedValueImag" value="0,0,0,0,0,0,0,0" />
  <parameter name="num_modes" value="2" />
  <parameter name="karatsuba" value="false" />
  <parameter name="coeffBitWidth_derived" value="12" />
  <parameter name="bankDisplay" value="0" />
  <parameter name="baseAddress" value="0" />
  <parameter
     name="coeffSetRealValue"
     value="-0.003146374481,4.78469923E-4,-3.56050578E-4,1.32235283E-4,1.65826476E-4,-4.96220276E-4,8.06716697E-4,-0.001042834232,0.001156994374,-0.001117022589,9.12835882E-4,-5.60487045E-4,1.02150355E-4,3.98396552E-4,-8.64259846E-4,0.00121665415,-0.001387615996,0.001332441963,-0.001039518985,5.35343549E-4,1.16516738E-4,-8.22694861E-4,0.001472982633,-0.001957213479,0.002183190525,-0.002092341246,0.001671285408,-9.58248375E-4,4.3175591E-5,9.41102928E-4,-0.001838763985,0.002513839281,-0.002823480456,0.002698935818,-0.002122136299,0.001150672102,9.1086749E-5,-0.001425629048,0.002646465777,-0.003549309116,0.003965126509,-0.003789531632,0.003004294463,-0.00168701814,6.269156E-6,0.001798448184,-0.003449503904,0.004672327901,-0.005239221298,0.005009161645,-0.003956767417,0.002184927111,8.1658544E-5,-0.002522186832,0.004762522031,-0.006430336095,0.007214428819,-0.006918397371,0.005499538702,-0.003087583541,-1.9980783E-5,0.003387208987,-0.006508188983,0.008862254265,-0.010009622731,0.00965532408,-0.007713901687,0.004338982266,7.8195433E-5,-0.00494556365,0.009540686364,-0.013107542563,0.01496680258,-0.014624936282,0.011866933251,-0.00681854914,-3.3371278E-5,0.007868510492,-0.015608029497,0.022029912493,-0.025912496594,0.026189463341,-0.0220965093,0.013290045764,7.838864E-5,-0.017342873314,0.037364177232,-0.058629153607,0.079398673874,-0.097886481478,0.112448066575,-0.121758253237,0.124961609441,-0.121758253237,0.112448066575,-0.097886481478,0.079398673874,-0.058629153607,0.037364177232,-0.017342873314,7.838864E-5,0.013290045764,-0.0220965093,0.026189463341,-0.025912496594,0.022029912493,-0.015608029497,0.007868510492,-3.3371278E-5,-0.00681854914,0.011866933251,-0.014624936282,0.01496680258,-0.013107542563,0.009540686364,-0.00494556365,7.8195433E-5,0.004338982266,-0.007713901687,0.00965532408,-0.010009622731,0.008862254265,-0.006508188983,0.003387208987,-1.9980783E-5,-0.003087583541,0.005499538702,-0.006918397371,0.007214428819,-0.006430336095,0.004762522031,-0.002522186832,8.1658544E-5,0.002184927111,-0.003956767417,0.005009161645,-0.005239221298,0.004672327901,-0.003449503904,0.001798448184,6.269156E-6,-0.00168701814,0.003004294463,-0.003789531632,0.003965126509,-0.003549309116,0.002646465777,-0.001425629048,9.1086749E-5,0.001150672102,-0.002122136299,0.002698935818,-0.002823480456,0.002513839281,-0.001838763985,9.41102928E-4,4.3175591E-5,-9.58248375E-4,0.001671285408,-0.002092341246,0.002183190525,-0.001957213479,0.001472982633,-8.22694861E-4,1.16516738E-4,5.35343549E-4,-0.001039518985,0.001332441963,-0.001387615996,0.00121665415,-8.64259846E-4,3.98396552E-4,1.02150355E-4,-5.60487045E-4,9.12835882E-4,-0.001117022589,0.001156994374,-0.001042834232,8.06716697E-4,-4.96220276E-4,1.65826476E-4,1.32235283E-4,-3.56050578E-4,4.78469923E-4,-0.003146374481" />
  <parameter name="coeffSetScaleValueImag" value="0.0,0.0,0.0,0.0,0.0,0.0,0.0,0.0" />
  <parameter name="chanPerInputInterface" value="1" />
  <parameter name="deviceFamily" value="MAX 10" />
  <parameter name="dspCount" value="2" />
  <parameter name="outType" value="int" />
  <parameter name="symmetryMode" value="nsym" />
  <parameter name="outLsbBitRem" value="0" />
  <parameter name="decimFactor" value="1" />
  <parameter name="ModeWidth" value="0" />
  <parameter name="memBitCount" value="6048" />
  <parameter name="outputInterfaceNum" value="1" />
  <parameter name="filterType" value="single" />
  <parameter name="backPressure" value="true" />
  <parameter name="inputBitWidth" value="12" />
  <parameter name="coeffScaling" value="auto" />
  <parameter name="outFullFracBitWidth" value="0" />
  <parameter name="coeffNum" value="185" />
  <parameter name="busDataWidth" value="16" />
  <parameter name="coeffComplex" value="false" />
  <parameter name="outputfifodepth_realOnly" value="3" />
  <parameter name="inputChannelNum" value="1" />
  <parameter name="channelModes" value="0,1,2,3" />
  <parameter
     name="coeffSetScaleValue"
     value="-0.0031133571477728384,0.000427323530086468,-0.00030523109291890574,0.0001220924371675623,0.0001220924371675623,-0.0004883697486702492,0.0007936008415891549,-0.0010377857159242795,0.0010988319345080605,-0.0010988319345080605,0.000854647060172936,-0.0005494159672540303,6.104621858378115e-5,0.0003662773115026869,-0.000854647060172936,0.0011598781530918418,-0.0013430168088431852,0.0012819705902594042,-0.0010377857159242795,0.0004883697486702492,6.104621858378115e-5,-0.0007936008415891549,0.0014651092460107476,-0.0019534789946809967,0.0021366176504323403,-0.002075571431848559,0.001648247901762091,-0.0009156932787567172,0.0,0.0009156932787567172,-0.0018313865575134345,0.002502894961935027,-0.002808126054853933,0.0026860336176863704,-0.002075571431848559,0.0010988319345080605,6.104621858378115e-5,-0.0014040630274269664,0.002624987399102589,-0.0035406806778593065,0.003906957989361993,-0.0037848655521944313,0.0029912647106052764,-0.001648247901762091,0.0,0.0017703403389296532,-0.003418588240691744,0.004639512612367367,-0.0051889285796213975,0.005005789923870054,-0.003906957989361993,0.0021366176504323403,6.104621858378115e-5,-0.002502894961935027,0.0047616050495349295,-0.00640985295129702,0.007203453792886175,-0.00689822269996727,0.005494159672540303,-0.003052310929189057,0.0,0.0033575420221079633,-0.006470899169880802,0.008851701694648266,-0.009950533629156327,0.00964530253623742,-0.007691823541556424,0.004334281519448461,6.104621858378115e-5,-0.004944743705286273,0.009523210099069859,-0.013063890776929165,0.01495632355302638,-0.014590046241523694,0.011842966405253542,-0.006776130262799707,0.0,0.007813915978723987,-0.015566785738864192,0.021976638690161213,-0.025883596679523207,0.02618882777244211,-0.022037684908744994,0.013247029432680508,6.104621858378115e-5,-0.017337126077793846,0.03736028577327406,-0.0586043698404299,0.07936008415891549,-0.09785708838980117,0.11244713463132487,-0.12172615985605961,0.124961609441,-0.12172615985605961,0.11244713463132487,-0.09785708838980117,0.07936008415891549,-0.0586043698404299,0.03736028577327406,-0.017337126077793846,6.104621858378115e-5,0.013247029432680508,-0.022037684908744994,0.02618882777244211,-0.025883596679523207,0.021976638690161213,-0.015566785738864192,0.007813915978723987,0.0,-0.006776130262799707,0.011842966405253542,-0.014590046241523694,0.01495632355302638,-0.013063890776929165,0.009523210099069859,-0.004944743705286273,6.104621858378115e-5,0.004334281519448461,-0.007691823541556424,0.00964530253623742,-0.009950533629156327,0.008851701694648266,-0.006470899169880802,0.0033575420221079633,0.0,-0.003052310929189057,0.005494159672540303,-0.00689822269996727,0.007203453792886175,-0.00640985295129702,0.0047616050495349295,-0.002502894961935027,6.104621858378115e-5,0.0021366176504323403,-0.003906957989361993,0.005005789923870054,-0.0051889285796213975,0.004639512612367367,-0.003418588240691744,0.0017703403389296532,0.0,-0.001648247901762091,0.0029912647106052764,-0.0037848655521944313,0.003906957989361993,-0.0035406806778593065,0.002624987399102589,-0.0014040630274269664,6.104621858378115e-5,0.0010988319345080605,-0.002075571431848559,0.0026860336176863704,-0.002808126054853933,0.002502894961935027,-0.0018313865575134345,0.0009156932787567172,0.0,-0.0009156932787567172,0.001648247901762091,-0.002075571431848559,0.0021366176504323403,-0.0019534789946809967,0.0014651092460107476,-0.0007936008415891549,6.104621858378115e-5,0.0004883697486702492,-0.0010377857159242795,0.0012819705902594042,-0.0013430168088431852,0.0011598781530918418,-0.000854647060172936,0.0003662773115026869,6.104621858378115e-5,-0.0005494159672540303,0.000854647060172936,-0.0010988319345080605,0.0010988319345080605,-0.0010377857159242795,0.0007936008415891549,-0.0004883697486702492,0.0001220924371675623,0.0001220924371675623,-0.00030523109291890574,0.000427323530086468,-0.0031133571477728384" />
  <parameter name="latency" value="19" />
  <parameter name="lutCount" value="242" />
  <parameter name="outFracBitWidth" value="0" />
  <parameter name="outputfifodepth" value="4" />
  <parameter name="clockRate" value="96" />
  <parameter name="readWriteMode" value="read_write" />
  <parameter name="reconfigurable" value="false" />
  <parameter name="outWidth" value="32" />
  <parameter name="coeffFracBitWidth" value="0" />
  <parameter
     name="coeffSetFixedValue"
     value="-51,7,-5,2,2,-8,13,-17,18,-18,14,-9,1,6,-14,19,-22,21,-17,8,1,-13,24,-32,35,-34,27,-15,0,15,-30,41,-46,44,-34,18,1,-23,43,-58,64,-62,49,-27,0,29,-56,76,-85,82,-64,35,1,-41,78,-105,118,-113,90,-50,0,55,-106,145,-163,158,-126,71,1,-81,156,-214,245,-239,194,-111,0,128,-255,360,-424,429,-361,217,1,-284,612,-960,1300,-1603,1842,-1994,2047,-1994,1842,-1603,1300,-960,612,-284,1,217,-361,429,-424,360,-255,128,0,-111,194,-239,245,-214,156,-81,1,71,-126,158,-163,145,-106,55,0,-50,90,-113,118,-105,78,-41,1,35,-64,82,-85,76,-56,29,0,-27,49,-62,64,-58,43,-23,1,18,-34,44,-46,41,-30,15,0,-15,27,-34,35,-32,24,-13,1,8,-17,21,-22,19,-14,6,1,-9,14,-18,18,-17,13,-8,2,2,-5,7,-51" />
  <parameter name="modeFormatted" value="--" />
  <parameter name="mRAMThreshold" value="1000000" />
  <parameter name="bankCount" value="1" />
  <parameter name="interpFactor" value="1" />
  <parameter name="outWidth_realOnly" value="32" />
  <parameter name="errorList" value="0" />
  <parameter name="L_bandsFilter" value="1" />
  <parameter name="clockSlack" value="0" />
  <parameter name="outMsbBitRem" value="0" />
  <parameter name="reconfigurable_list" value="0" />
  <parameter name="dualMemDistRAMThreshold" value="1280" />
  <parameter name="latency_realOnly" value="19" />
  <parameter name="inputRate" value="0.820513" />
  <parameter name="coefficientReadback" value="false" />
  <parameter name="bankInWidth" value="0" />
  <parameter name="hardMultiplierThreshold" value="-1" />
  <generatedFiles>
   <file
       path="D:/FPGA/ad9226_fft_spi_7.20/prj/ip_fir2/FIR_FSK2/synthesis/submodules/dspba_library_package.vhd"
       type="VHDL"
       attributes="" />
   <file
       path="D:/FPGA/ad9226_fft_spi_7.20/prj/ip_fir2/FIR_FSK2/synthesis/submodules/dspba_library.vhd"
       type="VHDL"
       attributes="" />
   <file
       path="D:/FPGA/ad9226_fft_spi_7.20/prj/ip_fir2/FIR_FSK2/synthesis/submodules/auk_dspip_math_pkg_hpfir.vhd"
       type="VHDL"
       attributes="" />
   <file
       path="D:/FPGA/ad9226_fft_spi_7.20/prj/ip_fir2/FIR_FSK2/synthesis/submodules/auk_dspip_lib_pkg_hpfir.vhd"
       type="VHDL"
       attributes="" />
   <file
       path="D:/FPGA/ad9226_fft_spi_7.20/prj/ip_fir2/FIR_FSK2/synthesis/submodules/auk_dspip_avalon_streaming_controller_hpfir.vhd"
       type="VHDL"
       attributes="" />
   <file
       path="D:/FPGA/ad9226_fft_spi_7.20/prj/ip_fir2/FIR_FSK2/synthesis/submodules/auk_dspip_avalon_streaming_sink_hpfir.vhd"
       type="VHDL"
       attributes="" />
   <file
       path="D:/FPGA/ad9226_fft_spi_7.20/prj/ip_fir2/FIR_FSK2/synthesis/submodules/auk_dspip_avalon_streaming_source_hpfir.vhd"
       type="VHDL"
       attributes="" />
   <file
       path="D:/FPGA/ad9226_fft_spi_7.20/prj/ip_fir2/FIR_FSK2/synthesis/submodules/auk_dspip_roundsat_hpfir.vhd"
       type="VHDL"
       attributes="" />
   <file
       path="D:/FPGA/ad9226_fft_spi_7.20/prj/ip_fir2/FIR_FSK2/synthesis/submodules/altera_avalon_sc_fifo.v"
       type="VERILOG"
       attributes="" />
   <file
       path="D:/FPGA/ad9226_fft_spi_7.20/prj/ip_fir2/FIR_FSK2/synthesis/submodules/FIR_FSK2_fir_compiler_ii_0_rtl_core_u0_m0_wo0_cm0_lutmem.hex"
       type="HEX"
       attributes="" />
   <file
       path="D:/FPGA/ad9226_fft_spi_7.20/prj/ip_fir2/FIR_FSK2/synthesis/submodules/FIR_FSK2_fir_compiler_ii_0_rtl_core_u0_m0_wo0_cm1_lutmem.hex"
       type="HEX"
       attributes="" />
   <file
       path="D:/FPGA/ad9226_fft_spi_7.20/prj/ip_fir2/FIR_FSK2/synthesis/submodules/FIR_FSK2_fir_compiler_ii_0_rtl_core_u0_m0_wo0_wi0_r0_ra1_count1_lut_lutmem.hex"
       type="HEX"
       attributes="" />
   <file
       path="D:/FPGA/ad9226_fft_spi_7.20/prj/ip_fir2/FIR_FSK2/synthesis/submodules/FIR_FSK2_fir_compiler_ii_0_rtl_core.vhd"
       type="VHDL"
       attributes="" />
   <file
       path="D:/FPGA/ad9226_fft_spi_7.20/prj/ip_fir2/FIR_FSK2/synthesis/submodules/FIR_FSK2_fir_compiler_ii_0_ast.vhd"
       type="VHDL"
       attributes="" />
   <file
       path="D:/FPGA/ad9226_fft_spi_7.20/prj/ip_fir2/FIR_FSK2/synthesis/submodules/FIR_FSK2_fir_compiler_ii_0.vhd"
       type="VHDL"
       attributes="" />
  </generatedFiles>
  <childGeneratedFiles/>
  <sourceFiles>
   <file
       path="D:/intelfpga/17.1/ip/altera/dsp/altera_fir_compiler_ii/src/HP_FIR_hw.tcl" />
  </sourceFiles>
  <childSourceFiles/>
  <instantiator instantiator="FIR_FSK2" as="fir_compiler_ii_0" />
  <messages>
   <message level="Debug" culprit="FIR_FSK2">queue size: 0 starting:altera_fir_compiler_ii "submodules/FIR_FSK2_fir_compiler_ii_0"</message>
   <message level="Debug" culprit="fir_compiler_ii_0"><![CDATA[D:/intelfpga/17.1/quartus/dspba/backend/windows64/fir_ip_api_interface FIR_FSK2_fir_compiler_ii_0_rtl_core . MAX10 medium 0 96 1 0.820513 185 1 1 1 nsym 1 12 0 12 0 0 false false -- 16 8 20 1280 1000000 -1 true true 1 -- <<< -51,7,-5,2,2,-8,13,-17,18,-18,14,-9,1,6,-14,19,-22,21,-17,8,1,-13,24,-32,35,-34,27,-15,0,15,-30,41,-46,44,-34,18,1,-23,43,-58,64,-62,49,-27,0,29,-56,76,-85,82,-64,35,1,-41,78,-105,118,-113,90,-50,0,55,-106,145,-163,158,-126,71,1,-81,156,-214,245,-239,194,-111,0,128,-255,360,-424,429,-361,217,1,-284,612,-960,1300,-1603,1842,-1994,2047,-1994,1842,-1603,1300,-960,612,-284,1,217,-361,429,-424,360,-255,128,0,-111,194,-239,245,-214,156,-81,1,71,-126,158,-163,145,-106,55,0,-50,90,-113,118,-105,78,-41,1,35,-64,82,-85,76,-56,29,0,-27,49,-62,64,-58,43,-23,1,18,-34,44,-46,41,-30,15,0,-15,27,-34,35,-32,24,-13,1,8,-17,21,-22,19,-14,6,1,-9,14,-18,18,-17,13,-8,2,2,-5,7,-51 ]]></message>
   <message level="Debug" culprit="fir_compiler_ii_0"><![CDATA[OUTPARAMS -interp=1 -decim=1 -incycles=116 -len=185 -bankcount=1 -nsym -nband=1 -chans=1 -family="MAX 10" 
|{}|1|1|1|1|32|0|19|3|true|LUTS: 242 DSPs: 2 RAM Bits: 6048|FIR_FSK2_fir_compiler_ii_0_rtl_core.vhd|FIR_FSK2_fir_compiler_ii_0_rtl_core_u0_m0_wo0_wi0_r0_ra1_count1_lut_lutmem.hex|FIR_FSK2_fir_compiler_ii_0_rtl_core_u0_m0_wo0_cm0_lutmem.hex|FIR_FSK2_fir_compiler_ii_0_rtl_core_u0_m0_wo0_cm1_lutmem.hex|FIR_FSK2_fir_compiler_ii_0_rtl_core_u0_m0_wo0_wi0_r0_ra1_count1_lut_lutmem.hex|FIR_FSK2_fir_compiler_ii_0_rtl_core_u0_m0_wo0_cm0_lutmem.hex|FIR_FSK2_fir_compiler_ii_0_rtl_core_u0_m0_wo0_cm1_lutmem.hex|]]></message>
   <message level="Info" culprit="fir_compiler_ii_0">PhysChanIn 1, PhysChanOut 1, ChansPerPhyIn 1, ChansPerPhyOut 1, OutputFullBitWidth 32, Bankcount 1, Latency 19, CoefBitWidth 12</message>
   <message level="Info" culprit="fir_compiler_ii_0"><![CDATA["<b>FIR_FSK2</b>" instantiated <b>altera_fir_compiler_ii</b> "<b>fir_compiler_ii_0</b>"]]></message>
  </messages>
 </entity>
</deploy>
