<?xml version="1.0" encoding="UTF-8"?>
<deploy
 date="2023.08.03.13:18:22"
 outputDirectory="D:/FPGA/ad9226_fft_spi_7.20/prj/ip_fir/FIR_FSK/">
 <perimeter>
  <parameter
     name="AUTO_GENERATION_ID"
     type="Integer"
     defaultValue="0"
     onHdl="0"
     affectsHdl="1" />
  <parameter
     name="AUTO_UNIQUE_ID"
     type="String"
     defaultValue=""
     onHdl="0"
     affectsHdl="1" />
  <parameter
     name="AUTO_DEVICE_FAMILY"
     type="String"
     defaultValue="MAX 10"
     onHdl="0"
     affectsHdl="1" />
  <parameter
     name="AUTO_DEVICE"
     type="String"
     defaultValue="10M08SAM153C8GES"
     onHdl="0"
     affectsHdl="1" />
  <parameter
     name="AUTO_DEVICE_SPEEDGRADE"
     type="String"
     defaultValue="8"
     onHdl="0"
     affectsHdl="1" />
  <parameter
     name="AUTO_CLK_CLOCK_RATE"
     type="Long"
     defaultValue="-1"
     onHdl="0"
     affectsHdl="1" />
  <parameter
     name="AUTO_CLK_CLOCK_DOMAIN"
     type="Integer"
     defaultValue="-1"
     onHdl="0"
     affectsHdl="1" />
  <parameter
     name="AUTO_CLK_RESET_DOMAIN"
     type="Integer"
     defaultValue="-1"
     onHdl="0"
     affectsHdl="1" />
  <interface name="avalon_streaming_sink" kind="avalon_streaming" start="0">
   <property name="associatedClock" value="clk" />
   <property name="associatedReset" value="rst" />
   <property name="beatsPerCycle" value="1" />
   <property name="dataBitsPerSymbol" value="12" />
   <property name="emptyWithinPacket" value="false" />
   <property name="errorDescriptor" value="" />
   <property name="firstSymbolInHighOrderBits" value="true" />
   <property name="highOrderSymbolAtMSB" value="false" />
   <property name="maxChannel" value="0" />
   <property name="packetDescription" value="" />
   <property name="readyLatency" value="0" />
   <property name="symbolsPerBeat" value="1" />
   <port name="ast_sink_data" direction="input" role="data" width="12" />
   <port name="ast_sink_valid" direction="input" role="valid" width="1" />
   <port name="ast_sink_error" direction="input" role="error" width="2" />
   <port name="ast_sink_ready" direction="output" role="ready" width="1" />
  </interface>
  <interface name="avalon_streaming_source" kind="avalon_streaming" start="1">
   <property name="associatedClock" value="clk" />
   <property name="associatedReset" value="rst" />
   <property name="beatsPerCycle" value="1" />
   <property name="dataBitsPerSymbol" value="33" />
   <property name="emptyWithinPacket" value="false" />
   <property name="errorDescriptor" value="" />
   <property name="firstSymbolInHighOrderBits" value="true" />
   <property name="highOrderSymbolAtMSB" value="false" />
   <property name="maxChannel" value="0" />
   <property name="packetDescription" value="" />
   <property name="readyLatency" value="0" />
   <property name="symbolsPerBeat" value="1" />
   <port name="ast_source_data" direction="output" role="data" width="33" />
   <port name="ast_source_valid" direction="output" role="valid" width="1" />
   <port name="ast_source_error" direction="output" role="error" width="2" />
   <port name="ast_source_ready" direction="input" role="ready" width="1" />
  </interface>
  <interface name="clk" kind="clock" start="0">
   <property name="clockRate" value="0" />
   <property name="externallyDriven" value="false" />
   <property name="ptfSchematicName" value="" />
   <port name="clk" direction="input" role="clk" width="1" />
  </interface>
  <interface name="rst" kind="reset" start="0">
   <property name="associatedClock" value="clk" />
   <property name="synchronousEdges" value="DEASSERT" />
   <port name="reset_n" direction="input" role="reset_n" width="1" />
  </interface>
 </perimeter>
 <entity
   path=""
   parameterizationKey="FIR_FSK:1.0:AUTO_CLK_CLOCK_DOMAIN=-1,AUTO_CLK_CLOCK_RATE=-1,AUTO_CLK_RESET_DOMAIN=-1,AUTO_DEVICE=10M08SAM153C8GES,AUTO_DEVICE_FAMILY=MAX 10,AUTO_DEVICE_SPEEDGRADE=8,AUTO_GENERATION_ID=1691039900,AUTO_UNIQUE_ID=(altera_fir_compiler_ii:17.1:L_bandsFilter=1,MODE_STRING=None Set,ModeWidth=0,backPressure=true,bankCount=1,bankDisplay=0,bankInWidth=0,baseAddress=0,busAddressWidth=9,busDataWidth=16,chanPerInputInterface=1,chanPerOutputInterface=1,channelModes=0,1,2,3,clockRate=96,clockSlack=0,coeffBitWidth=12,coeffBitWidth_derived=12,coeffComplex=false,coeffFracBitWidth=0,coeffNum=299,coeffReload=false,coeffScaling=auto,coeffSetFixedValue=-25,-16,-78,14,35,-36,25,-17,12,-7,7,-12,14,-10,-1,15,-22,18,-4,-12,21,-20,11,-3,2,-8,17,-17,6,14,-31,36,-25,3,15,-22,16,-5,0,-7,21,-30,24,-1,-27,48,-47,27,0,-19,19,-8,-2,-1,20,-41,49,-31,-6,45,-64,54,-24,-5,18,-9,-6,11,8,-43,71,-70,34,21,-67,79,-56,17,9,-8,-12,29,-17,-26,80,-110,92,-30,-43,90,-89,51,-8,-4,-17,52,-60,18,61,-138,162,-115,19,72,-113,90,-35,0,-17,74,-120,102,-5,-130,231,-236,139,4,-112,132,-74,7,-3,86,-203,256,-171,-43,287,-429,385,-182,-52,181,-144,11,59,63,-372,693,-767,415,318,-1141,1635,-1476,634,576,-1630,2047,-1630,576,634,-1476,1635,-1141,318,415,-767,693,-372,63,59,11,-144,181,-52,-182,385,-429,287,-43,-171,256,-203,86,-3,7,-74,132,-112,4,139,-236,231,-130,-5,102,-120,74,-17,0,-35,90,-113,72,19,-115,162,-138,61,18,-60,52,-17,-4,-8,51,-89,90,-43,-30,92,-110,80,-26,-17,29,-12,-8,9,17,-56,79,-67,21,34,-70,71,-43,8,11,-6,-9,18,-5,-24,54,-64,45,-6,-31,49,-41,20,-1,-2,-8,19,-19,0,27,-47,48,-27,-1,24,-30,21,-7,0,-5,16,-22,15,3,-25,36,-31,14,6,-17,17,-8,2,-3,11,-20,21,-12,-4,18,-22,15,-1,-10,14,-12,7,-7,12,-17,25,-36,35,14,-78,-16,-25,coeffSetFixedValueImag=0,0,0,0,0,0,0,0,coeffSetRealValue=-0.001802009163,-0.00116299214,-0.005484265463,0.001020222607,0.002475853379,-0.002573061009,0.001766060631,-0.001255318535,8.57052927E-4,-5.3991925E-4,5.48185548E-4,-8.4906998E-4,0.00103889544,-7.21419572E-4,-1.24239784E-4,0.001089518646,-0.001596982439,0.00129050887,-2.92764786E-4,-8.51754624E-4,0.001522595383,-0.001431789174,8.0887414E-4,-2.19424509E-4,1.48968015E-4,-6.31533663E-4,0.0012074487,-0.001246908033,4.25623216E-4,9.84039189E-4,-0.002235171303,0.002579173287,-0.001775296893,2.7110182E-4,0.001078649488,-0.001576320246,0.001146091032,-3.61633927E-4,1.0445168E-5,-4.92627654E-4,0.001492084222,-0.002166497714,0.001746076199,-1.30445751E-4,-0.001956470931,0.003381955768,-0.0033415141,0.001900429746,3.6526653E-5,-0.0013353437,0.001399854068,-5.65129787E-4,-1.74360151E-4,-7.6834491E-5,0.001405822578,-0.002950010067,0.003459939891,-0.002196789198,-4.7090022E-4,0.003212577319,-0.004556243328,0.003857985095,-0.001718103241,-4.19911784E-4,0.001295998986,-6.71802999E-4,-4.81300024E-4,7.73931055E-4,5.85357959E-4,-0.003045244395,0.005026927041,-0.004955034514,0.002395495621,0.001508130222,-0.004726507619,0.005611746186,-0.003991309829,0.001257571628,6.50743354E-4,-6.05016443E-4,-8.91840168E-4,0.002071353446,-0.001250322918,-0.001841469584,0.005668297524,-0.007789471801,0.006522826119,-0.002173261009,-0.003043716193,0.006367712586,-0.00630670884,0.003597532888,-6.16626124E-4,-3.40740019E-4,-0.001244365528,0.003673529279,-0.004245311522,0.0013032273,0.004348496359,-0.009702827914,0.011416199696,-0.008093880132,0.001357521634,0.005111692906,-0.007955142845,0.006354396975,-0.002525329498,6.4578548E-5,-0.001246943364,0.00522775672,-0.008464954557,0.007208837202,-3.86988342E-4,-0.009181102503,0.016281650908,-0.01663104317,0.009806547772,2.8916466E-4,-0.007903914902,0.009281959986,-0.005228950402,4.98644059E-4,-2.72551573E-4,0.006111852197,-0.01430363105,0.018007425982,-0.012022746739,-0.003034898032,0.020211250856,-0.030144035887,0.027055089629,-0.012856060576,-0.00372307791,0.012781378443,-0.01016627175,8.27953031E-4,0.004160722772,0.004448255001,-0.026188901035,0.048739125104,-0.053930565017,0.029185689037,0.022406484735,-0.080222171461,0.114872654175,-0.103714449559,0.044583959077,0.04049023581,-0.114574971343,0.143810411118,-0.114574971343,0.04049023581,0.044583959077,-0.103714449559,0.114872654175,-0.080222171461,0.022406484735,0.029185689037,-0.053930565017,0.048739125104,-0.026188901035,0.004448255001,0.004160722772,8.27953031E-4,-0.01016627175,0.012781378443,-0.00372307791,-0.012856060576,0.027055089629,-0.030144035887,0.020211250856,-0.003034898032,-0.012022746739,0.018007425982,-0.01430363105,0.006111852197,-2.72551573E-4,4.98644059E-4,-0.005228950402,0.009281959986,-0.007903914902,2.8916466E-4,0.009806547772,-0.01663104317,0.016281650908,-0.009181102503,-3.86988342E-4,0.007208837202,-0.008464954557,0.00522775672,-0.001246943364,6.4578548E-5,-0.002525329498,0.006354396975,-0.007955142845,0.005111692906,0.001357521634,-0.008093880132,0.011416199696,-0.009702827914,0.004348496359,0.0013032273,-0.004245311522,0.003673529279,-0.001244365528,-3.40740019E-4,-6.16626124E-4,0.003597532888,-0.00630670884,0.006367712586,-0.003043716193,-0.002173261009,0.006522826119,-0.007789471801,0.005668297524,-0.001841469584,-0.001250322918,0.002071353446,-8.91840168E-4,-6.05016443E-4,6.50743354E-4,0.001257571628,-0.003991309829,0.005611746186,-0.004726507619,0.001508130222,0.002395495621,-0.004955034514,0.005026927041,-0.003045244395,5.85357959E-4,7.73931055E-4,-4.81300024E-4,-6.71802999E-4,0.001295998986,-4.19911784E-4,-0.001718103241,0.003857985095,-0.004556243328,0.003212577319,-4.7090022E-4,-0.002196789198,0.003459939891,-0.002950010067,0.001405822578,-7.6834491E-5,-1.74360151E-4,-5.65129787E-4,0.001399854068,-0.0013353437,3.6526653E-5,0.001900429746,-0.0033415141,0.003381955768,-0.001956470931,-1.30445751E-4,0.001746076199,-0.002166497714,0.001492084222,-4.92627654E-4,1.0445168E-5,-3.61633927E-4,0.001146091032,-0.001576320246,0.001078649488,2.7110182E-4,-0.001775296893,0.002579173287,-0.002235171303,9.84039189E-4,4.25623216E-4,-0.001246908033,0.0012074487,-6.31533663E-4,1.48968015E-4,-2.19424509E-4,8.0887414E-4,-0.001431789174,0.001522595383,-8.51754624E-4,-2.92764786E-4,0.00129050887,-0.001596982439,0.001089518646,-1.24239784E-4,-7.21419572E-4,0.00103889544,-8.4906998E-4,5.48185548E-4,-5.3991925E-4,8.57052927E-4,-0.001255318535,0.001766060631,-0.002573061009,0.002475853379,0.001020222607,-0.005484265463,-0.00116299214,-0.001802009163,coeffSetRealValueImag=0.0, 0.0, 0.0, 0.0, 0.0, 0.0, 0.0, 0.0, 0.0, 0.0, 0.0, 0.0, -0.0530093, -0.04498, 0.0, 0.0749693, 0.159034, 0.224907, 0.249809, 0.224907, 0.159034, 0.0749693, 0.0, -0.04498, -0.0530093, -0.0321283, 0.0, 0.0, 0.0, 0.0, 0.0, 0.0, 0.0, 0.0, 0.0, 0.0, 0.0,coeffSetScaleValue=-0.0017563557781875914,-0.0011240676980400586,-0.005479830027945286,0.0009835592357850512,0.002458898089462628,-0.002529152320590132,0.0017563557781875914,-0.0011943219291675623,0.000843050773530044,-0.0004917796178925256,0.0004917796178925256,-0.000843050773530044,0.0009835592357850512,-0.0007025423112750366,-7.025423112750366e-5,0.0010538134669125549,-0.0015455930848050805,0.001264576160295066,-0.00028101692451001464,-0.000843050773530044,0.0014753388536775768,-0.0014050846225500731,0.0007727965424025403,-0.000210762693382511,0.00014050846225500732,-0.0005620338490200293,0.0011943219291675623,-0.0011943219291675623,0.000421525386765022,0.0009835592357850512,-0.0021778811649526136,0.002529152320590132,-0.0017563557781875914,0.000210762693382511,0.0010538134669125549,-0.0015455930848050805,0.0011240676980400586,-0.0003512711556375183,0.0,-0.0004917796178925256,0.0014753388536775768,-0.0021076269338251097,0.001686101547060088,-7.025423112750366e-5,-0.0018968642404425988,0.003372203094120176,-0.003301948862992672,0.0018968642404425988,0.0,-0.0013348303914225697,0.0013348303914225697,-0.0005620338490200293,-0.00014050846225500732,-7.025423112750366e-5,0.0014050846225500731,-0.00288042347622765,0.0034424573252476794,-0.0021778811649526136,-0.000421525386765022,0.0031614404007376646,-0.004496270792160234,0.0037937284808851977,-0.001686101547060088,-0.0003512711556375183,0.001264576160295066,-0.000632288080147533,-0.000421525386765022,0.0007727965424025403,0.0005620338490200293,-0.0030209319384826576,0.00498805041005276,-0.004917796178925256,0.0023886438583351245,0.0014753388536775768,-0.004707033485542745,0.0055500842590727895,-0.003934236943140205,0.0011943219291675623,0.000632288080147533,-0.0005620338490200293,-0.000843050773530044,0.0020373727026976062,-0.0011943219291675623,-0.0018266100093150951,0.005620338490200293,-0.007727965424025403,0.006463389263730337,-0.0021076269338251097,-0.0030209319384826576,0.006322880801475329,-0.006252626570347826,0.0035829657875026868,-0.0005620338490200293,-0.00028101692451001464,-0.0011943219291675623,0.0036532200186301903,-0.0042152538676502194,0.001264576160295066,0.004285508098777723,-0.009695083895595506,0.011381185442655593,-0.008079236579662922,0.0013348303914225697,0.005058304641180264,-0.007938728117407914,0.006322880801475329,-0.002458898089462628,0.0,-0.0011943219291675623,0.005198813103435271,-0.008430507735300439,0.0071659315750053736,-0.0003512711556375183,-0.009133050046575476,0.016228727390453345,-0.016579998546090866,0.009765338126723009,0.00028101692451001464,-0.00786847388628041,0.009273558508830484,-0.005198813103435271,0.0004917796178925256,-0.000210762693382511,0.006041863876965315,-0.014261608918883244,0.017985083168640937,-0.012013473522803126,-0.0030209319384826576,0.02016296433359355,-0.03013906515369907,0.02704787898408891,-0.012786270065205666,-0.0036532200186301903,0.012716015834078163,-0.010116609282360528,0.0007727965424025403,0.004144999636522716,0.00442601656103273,-0.026134573979431364,0.04868618217136004,-0.05388499527479531,0.02915550591791402,0.022340845498546164,-0.08016007771648168,0.11486566789346848,-0.10369524514419541,0.04454118253483732,0.04046643712944211,-0.11451439673783097,0.143810411118,-0.11451439673783097,0.04046643712944211,0.04454118253483732,-0.10369524514419541,0.11486566789346848,-0.08016007771648168,0.022340845498546164,0.02915550591791402,-0.05388499527479531,0.04868618217136004,-0.026134573979431364,0.00442601656103273,0.004144999636522716,0.0007727965424025403,-0.010116609282360528,0.012716015834078163,-0.0036532200186301903,-0.012786270065205666,0.02704787898408891,-0.03013906515369907,0.02016296433359355,-0.0030209319384826576,-0.012013473522803126,0.017985083168640937,-0.014261608918883244,0.006041863876965315,-0.000210762693382511,0.0004917796178925256,-0.005198813103435271,0.009273558508830484,-0.00786847388628041,0.00028101692451001464,0.009765338126723009,-0.016579998546090866,0.016228727390453345,-0.009133050046575476,-0.0003512711556375183,0.0071659315750053736,-0.008430507735300439,0.005198813103435271,-0.0011943219291675623,0.0,-0.002458898089462628,0.006322880801475329,-0.007938728117407914,0.005058304641180264,0.0013348303914225697,-0.008079236579662922,0.011381185442655593,-0.009695083895595506,0.004285508098777723,0.001264576160295066,-0.0042152538676502194,0.0036532200186301903,-0.0011943219291675623,-0.00028101692451001464,-0.0005620338490200293,0.0035829657875026868,-0.006252626570347826,0.006322880801475329,-0.0030209319384826576,-0.0021076269338251097,0.006463389263730337,-0.007727965424025403,0.005620338490200293,-0.0018266100093150951,-0.0011943219291675623,0.0020373727026976062,-0.000843050773530044,-0.0005620338490200293,0.000632288080147533,0.0011943219291675623,-0.003934236943140205,0.0055500842590727895,-0.004707033485542745,0.0014753388536775768,0.0023886438583351245,-0.004917796178925256,0.00498805041005276,-0.0030209319384826576,0.0005620338490200293,0.0007727965424025403,-0.000421525386765022,-0.000632288080147533,0.001264576160295066,-0.0003512711556375183,-0.001686101547060088,0.0037937284808851977,-0.004496270792160234,0.0031614404007376646,-0.000421525386765022,-0.0021778811649526136,0.0034424573252476794,-0.00288042347622765,0.0014050846225500731,-7.025423112750366e-5,-0.00014050846225500732,-0.0005620338490200293,0.0013348303914225697,-0.0013348303914225697,0.0,0.0018968642404425988,-0.003301948862992672,0.003372203094120176,-0.0018968642404425988,-7.025423112750366e-5,0.001686101547060088,-0.0021076269338251097,0.0014753388536775768,-0.0004917796178925256,0.0,-0.0003512711556375183,0.0011240676980400586,-0.0015455930848050805,0.0010538134669125549,0.000210762693382511,-0.0017563557781875914,0.002529152320590132,-0.0021778811649526136,0.0009835592357850512,0.000421525386765022,-0.0011943219291675623,0.0011943219291675623,-0.0005620338490200293,0.00014050846225500732,-0.000210762693382511,0.0007727965424025403,-0.0014050846225500731,0.0014753388536775768,-0.000843050773530044,-0.00028101692451001464,0.001264576160295066,-0.0015455930848050805,0.0010538134669125549,-7.025423112750366e-5,-0.0007025423112750366,0.0009835592357850512,-0.000843050773530044,0.0004917796178925256,-0.0004917796178925256,0.000843050773530044,-0.0011943219291675623,0.0017563557781875914,-0.002529152320590132,0.002458898089462628,0.0009835592357850512,-0.005479830027945286,-0.0011240676980400586,-0.0017563557781875914,coeffSetScaleValueImag=0.0,0.0,0.0,0.0,0.0,0.0,0.0,0.0,coeffType=int,coefficientReadback=false,coefficientWriteable=false,decimFactor=1,delayRAMBlockThreshold=20,deviceFamily=MAX 10,dspCount=3,dualMemDistRAMThreshold=1280,errorList=0,filterType=single,funcResult=-interp=1 -decim=1 -incycles=116 -len=299 -bankcount=1 -nsym -nband=1 -chans=1 -family=&quot;MAX 10&quot; 
|{}|1|1|1|1|33|0|20|3|noCode|LUTS: 289 DSPs: 3 RAM Bits: 9008|,hardMultiplierThreshold=-1,inputBitWidth=12,inputChannelNum=1,inputFracBitWidth=0,inputInterfaceNum=1,inputRate=0.820513,inputType=int,interpFactor=1,karatsuba=false,latency=20,latency_realOnly=20,lutCount=289,mRAMThreshold=1000000,memBitCount=9008,modeFormatted=--,num_modes=2,outBitWidth=33,outFracBitWidth=0,outFullFracBitWidth=0,outFullFracBitWidth_realOnly=0,outLSBRound=trunc,outLsbBitRem=0,outMSBRound=trunc,outMsbBitRem=0,outType=int,outWidth=33,outWidth_realOnly=33,outputInterfaceNum=1,outputfifodepth=4,outputfifodepth_realOnly=3,readWriteMode=read_write,reconfigurable=false,reconfigurable_list=0,speedGrade=medium,symmetryMode=nsym)"
   instancePathKey="FIR_FSK"
   kind="FIR_FSK"
   version="1.0"
   name="FIR_FSK">
  <parameter name="AUTO_CLK_CLOCK_RATE" value="-1" />
  <parameter name="AUTO_GENERATION_ID" value="1691039900" />
  <parameter name="AUTO_DEVICE" value="10M08SAM153C8GES" />
  <parameter name="AUTO_DEVICE_FAMILY" value="MAX 10" />
  <parameter name="AUTO_CLK_RESET_DOMAIN" value="-1" />
  <parameter name="AUTO_CLK_CLOCK_DOMAIN" value="-1" />
  <parameter name="AUTO_UNIQUE_ID" value="" />
  <parameter name="AUTO_DEVICE_SPEEDGRADE" value="8" />
  <generatedFiles>
   <file
       path="D:/FPGA/ad9226_fft_spi_7.20/prj/ip_fir/FIR_FSK/synthesis/FIR_FSK.v"
       type="VERILOG" />
  </generatedFiles>
  <childGeneratedFiles>
   <file
       path="D:/FPGA/ad9226_fft_spi_7.20/prj/ip_fir/FIR_FSK/synthesis/submodules/dspba_library_package.vhd"
       type="VHDL"
       attributes="" />
   <file
       path="D:/FPGA/ad9226_fft_spi_7.20/prj/ip_fir/FIR_FSK/synthesis/submodules/dspba_library.vhd"
       type="VHDL"
       attributes="" />
   <file
       path="D:/FPGA/ad9226_fft_spi_7.20/prj/ip_fir/FIR_FSK/synthesis/submodules/auk_dspip_math_pkg_hpfir.vhd"
       type="VHDL"
       attributes="" />
   <file
       path="D:/FPGA/ad9226_fft_spi_7.20/prj/ip_fir/FIR_FSK/synthesis/submodules/auk_dspip_lib_pkg_hpfir.vhd"
       type="VHDL"
       attributes="" />
   <file
       path="D:/FPGA/ad9226_fft_spi_7.20/prj/ip_fir/FIR_FSK/synthesis/submodules/auk_dspip_avalon_streaming_controller_hpfir.vhd"
       type="VHDL"
       attributes="" />
   <file
       path="D:/FPGA/ad9226_fft_spi_7.20/prj/ip_fir/FIR_FSK/synthesis/submodules/auk_dspip_avalon_streaming_sink_hpfir.vhd"
       type="VHDL"
       attributes="" />
   <file
       path="D:/FPGA/ad9226_fft_spi_7.20/prj/ip_fir/FIR_FSK/synthesis/submodules/auk_dspip_avalon_streaming_source_hpfir.vhd"
       type="VHDL"
       attributes="" />
   <file
       path="D:/FPGA/ad9226_fft_spi_7.20/prj/ip_fir/FIR_FSK/synthesis/submodules/auk_dspip_roundsat_hpfir.vhd"
       type="VHDL"
       attributes="" />
   <file
       path="D:/FPGA/ad9226_fft_spi_7.20/prj/ip_fir/FIR_FSK/synthesis/submodules/altera_avalon_sc_fifo.v"
       type="VERILOG"
       attributes="" />
   <file
       path="D:/FPGA/ad9226_fft_spi_7.20/prj/ip_fir/FIR_FSK/synthesis/submodules/FIR_FSK_fir_compiler_ii_0_rtl_core_u0_m0_wo0_cm0_lutmem.hex"
       type="HEX"
       attributes="" />
   <file
       path="D:/FPGA/ad9226_fft_spi_7.20/prj/ip_fir/FIR_FSK/synthesis/submodules/FIR_FSK_fir_compiler_ii_0_rtl_core_u0_m0_wo0_cm1_lutmem.hex"
       type="HEX"
       attributes="" />
   <file
       path="D:/FPGA/ad9226_fft_spi_7.20/prj/ip_fir/FIR_FSK/synthesis/submodules/FIR_FSK_fir_compiler_ii_0_rtl_core_u0_m0_wo0_cm2_lutmem.hex"
       type="HEX"
       attributes="" />
   <file
       path="D:/FPGA/ad9226_fft_spi_7.20/prj/ip_fir/FIR_FSK/synthesis/submodules/FIR_FSK_fir_compiler_ii_0_rtl_core_u0_m0_wo0_wi0_r0_ra2_count1_lut_lutmem.hex"
       type="HEX"
       attributes="" />
   <file
       path="D:/FPGA/ad9226_fft_spi_7.20/prj/ip_fir/FIR_FSK/synthesis/submodules/FIR_FSK_fir_compiler_ii_0_rtl_core.vhd"
       type="VHDL"
       attributes="" />
   <file
       path="D:/FPGA/ad9226_fft_spi_7.20/prj/ip_fir/FIR_FSK/synthesis/submodules/FIR_FSK_fir_compiler_ii_0_ast.vhd"
       type="VHDL"
       attributes="" />
   <file
       path="D:/FPGA/ad9226_fft_spi_7.20/prj/ip_fir/FIR_FSK/synthesis/submodules/FIR_FSK_fir_compiler_ii_0.vhd"
       type="VHDL"
       attributes="" />
  </childGeneratedFiles>
  <sourceFiles>
   <file path="D:/FPGA/ad9226_fft_spi_7.20/prj/ip_fir/FIR_FSK.qsys" />
  </sourceFiles>
  <childSourceFiles>
   <file
       path="D:/intelfpga/17.1/ip/altera/dsp/altera_fir_compiler_ii/src/HP_FIR_hw.tcl" />
  </childSourceFiles>
  <messages>
   <message level="Debug" culprit="FIR_FSK">queue size: 0 starting:FIR_FSK "FIR_FSK"</message>
   <message level="Progress" culprit="min"></message>
   <message level="Progress" culprit="max"></message>
   <message level="Progress" culprit="current"></message>
   <message level="Debug">Transform: CustomInstructionTransform</message>
   <message level="Debug">No custom instruction connections, skipping transform </message>
   <message level="Debug" culprit="merlin_custom_instruction_transform"><![CDATA[After transform: <b>1</b> modules, <b>0</b> connections]]></message>
   <message level="Debug">Transform: MMTransform</message>
   <message level="Debug">Transform: InterruptMapperTransform</message>
   <message level="Debug">Transform: InterruptSyncTransform</message>
   <message level="Debug">Transform: InterruptFanoutTransform</message>
   <message level="Debug">Transform: AvalonStreamingTransform</message>
   <message level="Debug">Transform: ResetAdaptation</message>
   <message level="Debug" culprit="FIR_FSK"><![CDATA["<b>FIR_FSK</b>" reuses <b>altera_fir_compiler_ii</b> "<b>submodules/FIR_FSK_fir_compiler_ii_0</b>"]]></message>
   <message level="Debug" culprit="FIR_FSK">queue size: 0 starting:altera_fir_compiler_ii "submodules/FIR_FSK_fir_compiler_ii_0"</message>
   <message level="Debug" culprit="fir_compiler_ii_0"><![CDATA[D:/intelfpga/17.1/quartus/dspba/backend/windows64/fir_ip_api_interface FIR_FSK_fir_compiler_ii_0_rtl_core . MAX10 medium 0 96 1 0.820513 299 1 1 1 nsym 1 12 0 12 0 0 false false -- 16 9 20 1280 1000000 -1 true true 1 -- <<< -25,-16,-78,14,35,-36,25,-17,12,-7,7,-12,14,-10,-1,15,-22,18,-4,-12,21,-20,11,-3,2,-8,17,-17,6,14,-31,36,-25,3,15,-22,16,-5,0,-7,21,-30,24,-1,-27,48,-47,27,0,-19,19,-8,-2,-1,20,-41,49,-31,-6,45,-64,54,-24,-5,18,-9,-6,11,8,-43,71,-70,34,21,-67,79,-56,17,9,-8,-12,29,-17,-26,80,-110,92,-30,-43,90,-89,51,-8,-4,-17,52,-60,18,61,-138,162,-115,19,72,-113,90,-35,0,-17,74,-120,102,-5,-130,231,-236,139,4,-112,132,-74,7,-3,86,-203,256,-171,-43,287,-429,385,-182,-52,181,-144,11,59,63,-372,693,-767,415,318,-1141,1635,-1476,634,576,-1630,2047,-1630,576,634,-1476,1635,-1141,318,415,-767,693,-372,63,59,11,-144,181,-52,-182,385,-429,287,-43,-171,256,-203,86,-3,7,-74,132,-112,4,139,-236,231,-130,-5,102,-120,74,-17,0,-35,90,-113,72,19,-115,162,-138,61,18,-60,52,-17,-4,-8,51,-89,90,-43,-30,92,-110,80,-26,-17,29,-12,-8,9,17,-56,79,-67,21,34,-70,71,-43,8,11,-6,-9,18,-5,-24,54,-64,45,-6,-31,49,-41,20,-1,-2,-8,19,-19,0,27,-47,48,-27,-1,24,-30,21,-7,0,-5,16,-22,15,3,-25,36,-31,14,6,-17,17,-8,2,-3,11,-20,21,-12,-4,18,-22,15,-1,-10,14,-12,7,-7,12,-17,25,-36,35,14,-78,-16,-25 ]]></message>
   <message level="Debug" culprit="fir_compiler_ii_0"><![CDATA[OUTPARAMS -interp=1 -decim=1 -incycles=116 -len=299 -bankcount=1 -nsym -nband=1 -chans=1 -family="MAX 10" 
|{}|1|1|1|1|33|0|20|3|true|LUTS: 289 DSPs: 3 RAM Bits: 9008|FIR_FSK_fir_compiler_ii_0_rtl_core.vhd|FIR_FSK_fir_compiler_ii_0_rtl_core_u0_m0_wo0_wi0_r0_ra2_count1_lut_lutmem.hex|FIR_FSK_fir_compiler_ii_0_rtl_core_u0_m0_wo0_cm0_lutmem.hex|FIR_FSK_fir_compiler_ii_0_rtl_core_u0_m0_wo0_cm1_lutmem.hex|FIR_FSK_fir_compiler_ii_0_rtl_core_u0_m0_wo0_cm2_lutmem.hex|FIR_FSK_fir_compiler_ii_0_rtl_core_u0_m0_wo0_wi0_r0_ra2_count1_lut_lutmem.hex|FIR_FSK_fir_compiler_ii_0_rtl_core_u0_m0_wo0_cm0_lutmem.hex|FIR_FSK_fir_compiler_ii_0_rtl_core_u0_m0_wo0_cm1_lutmem.hex|FIR_FSK_fir_compiler_ii_0_rtl_core_u0_m0_wo0_cm2_lutmem.hex|]]></message>
   <message level="Info" culprit="fir_compiler_ii_0">PhysChanIn 1, PhysChanOut 1, ChansPerPhyIn 1, ChansPerPhyOut 1, OutputFullBitWidth 33, Bankcount 1, Latency 20, CoefBitWidth 12</message>
   <message level="Info" culprit="fir_compiler_ii_0"><![CDATA["<b>FIR_FSK</b>" instantiated <b>altera_fir_compiler_ii</b> "<b>fir_compiler_ii_0</b>"]]></message>
  </messages>
 </entity>
 <entity
   path="submodules/"
   parameterizationKey="altera_fir_compiler_ii:17.1:L_bandsFilter=1,MODE_STRING=None Set,ModeWidth=0,backPressure=true,bankCount=1,bankDisplay=0,bankInWidth=0,baseAddress=0,busAddressWidth=9,busDataWidth=16,chanPerInputInterface=1,chanPerOutputInterface=1,channelModes=0,1,2,3,clockRate=96,clockSlack=0,coeffBitWidth=12,coeffBitWidth_derived=12,coeffComplex=false,coeffFracBitWidth=0,coeffNum=299,coeffReload=false,coeffScaling=auto,coeffSetFixedValue=-25,-16,-78,14,35,-36,25,-17,12,-7,7,-12,14,-10,-1,15,-22,18,-4,-12,21,-20,11,-3,2,-8,17,-17,6,14,-31,36,-25,3,15,-22,16,-5,0,-7,21,-30,24,-1,-27,48,-47,27,0,-19,19,-8,-2,-1,20,-41,49,-31,-6,45,-64,54,-24,-5,18,-9,-6,11,8,-43,71,-70,34,21,-67,79,-56,17,9,-8,-12,29,-17,-26,80,-110,92,-30,-43,90,-89,51,-8,-4,-17,52,-60,18,61,-138,162,-115,19,72,-113,90,-35,0,-17,74,-120,102,-5,-130,231,-236,139,4,-112,132,-74,7,-3,86,-203,256,-171,-43,287,-429,385,-182,-52,181,-144,11,59,63,-372,693,-767,415,318,-1141,1635,-1476,634,576,-1630,2047,-1630,576,634,-1476,1635,-1141,318,415,-767,693,-372,63,59,11,-144,181,-52,-182,385,-429,287,-43,-171,256,-203,86,-3,7,-74,132,-112,4,139,-236,231,-130,-5,102,-120,74,-17,0,-35,90,-113,72,19,-115,162,-138,61,18,-60,52,-17,-4,-8,51,-89,90,-43,-30,92,-110,80,-26,-17,29,-12,-8,9,17,-56,79,-67,21,34,-70,71,-43,8,11,-6,-9,18,-5,-24,54,-64,45,-6,-31,49,-41,20,-1,-2,-8,19,-19,0,27,-47,48,-27,-1,24,-30,21,-7,0,-5,16,-22,15,3,-25,36,-31,14,6,-17,17,-8,2,-3,11,-20,21,-12,-4,18,-22,15,-1,-10,14,-12,7,-7,12,-17,25,-36,35,14,-78,-16,-25,coeffSetFixedValueImag=0,0,0,0,0,0,0,0,coeffSetRealValue=-0.001802009163,-0.00116299214,-0.005484265463,0.001020222607,0.002475853379,-0.002573061009,0.001766060631,-0.001255318535,8.57052927E-4,-5.3991925E-4,5.48185548E-4,-8.4906998E-4,0.00103889544,-7.21419572E-4,-1.24239784E-4,0.001089518646,-0.001596982439,0.00129050887,-2.92764786E-4,-8.51754624E-4,0.001522595383,-0.001431789174,8.0887414E-4,-2.19424509E-4,1.48968015E-4,-6.31533663E-4,0.0012074487,-0.001246908033,4.25623216E-4,9.84039189E-4,-0.002235171303,0.002579173287,-0.001775296893,2.7110182E-4,0.001078649488,-0.001576320246,0.001146091032,-3.61633927E-4,1.0445168E-5,-4.92627654E-4,0.001492084222,-0.002166497714,0.001746076199,-1.30445751E-4,-0.001956470931,0.003381955768,-0.0033415141,0.001900429746,3.6526653E-5,-0.0013353437,0.001399854068,-5.65129787E-4,-1.74360151E-4,-7.6834491E-5,0.001405822578,-0.002950010067,0.003459939891,-0.002196789198,-4.7090022E-4,0.003212577319,-0.004556243328,0.003857985095,-0.001718103241,-4.19911784E-4,0.001295998986,-6.71802999E-4,-4.81300024E-4,7.73931055E-4,5.85357959E-4,-0.003045244395,0.005026927041,-0.004955034514,0.002395495621,0.001508130222,-0.004726507619,0.005611746186,-0.003991309829,0.001257571628,6.50743354E-4,-6.05016443E-4,-8.91840168E-4,0.002071353446,-0.001250322918,-0.001841469584,0.005668297524,-0.007789471801,0.006522826119,-0.002173261009,-0.003043716193,0.006367712586,-0.00630670884,0.003597532888,-6.16626124E-4,-3.40740019E-4,-0.001244365528,0.003673529279,-0.004245311522,0.0013032273,0.004348496359,-0.009702827914,0.011416199696,-0.008093880132,0.001357521634,0.005111692906,-0.007955142845,0.006354396975,-0.002525329498,6.4578548E-5,-0.001246943364,0.00522775672,-0.008464954557,0.007208837202,-3.86988342E-4,-0.009181102503,0.016281650908,-0.01663104317,0.009806547772,2.8916466E-4,-0.007903914902,0.009281959986,-0.005228950402,4.98644059E-4,-2.72551573E-4,0.006111852197,-0.01430363105,0.018007425982,-0.012022746739,-0.003034898032,0.020211250856,-0.030144035887,0.027055089629,-0.012856060576,-0.00372307791,0.012781378443,-0.01016627175,8.27953031E-4,0.004160722772,0.004448255001,-0.026188901035,0.048739125104,-0.053930565017,0.029185689037,0.022406484735,-0.080222171461,0.114872654175,-0.103714449559,0.044583959077,0.04049023581,-0.114574971343,0.143810411118,-0.114574971343,0.04049023581,0.044583959077,-0.103714449559,0.114872654175,-0.080222171461,0.022406484735,0.029185689037,-0.053930565017,0.048739125104,-0.026188901035,0.004448255001,0.004160722772,8.27953031E-4,-0.01016627175,0.012781378443,-0.00372307791,-0.012856060576,0.027055089629,-0.030144035887,0.020211250856,-0.003034898032,-0.012022746739,0.018007425982,-0.01430363105,0.006111852197,-2.72551573E-4,4.98644059E-4,-0.005228950402,0.009281959986,-0.007903914902,2.8916466E-4,0.009806547772,-0.01663104317,0.016281650908,-0.009181102503,-3.86988342E-4,0.007208837202,-0.008464954557,0.00522775672,-0.001246943364,6.4578548E-5,-0.002525329498,0.006354396975,-0.007955142845,0.005111692906,0.001357521634,-0.008093880132,0.011416199696,-0.009702827914,0.004348496359,0.0013032273,-0.004245311522,0.003673529279,-0.001244365528,-3.40740019E-4,-6.16626124E-4,0.003597532888,-0.00630670884,0.006367712586,-0.003043716193,-0.002173261009,0.006522826119,-0.007789471801,0.005668297524,-0.001841469584,-0.001250322918,0.002071353446,-8.91840168E-4,-6.05016443E-4,6.50743354E-4,0.001257571628,-0.003991309829,0.005611746186,-0.004726507619,0.001508130222,0.002395495621,-0.004955034514,0.005026927041,-0.003045244395,5.85357959E-4,7.73931055E-4,-4.81300024E-4,-6.71802999E-4,0.001295998986,-4.19911784E-4,-0.001718103241,0.003857985095,-0.004556243328,0.003212577319,-4.7090022E-4,-0.002196789198,0.003459939891,-0.002950010067,0.001405822578,-7.6834491E-5,-1.74360151E-4,-5.65129787E-4,0.001399854068,-0.0013353437,3.6526653E-5,0.001900429746,-0.0033415141,0.003381955768,-0.001956470931,-1.30445751E-4,0.001746076199,-0.002166497714,0.001492084222,-4.92627654E-4,1.0445168E-5,-3.61633927E-4,0.001146091032,-0.001576320246,0.001078649488,2.7110182E-4,-0.001775296893,0.002579173287,-0.002235171303,9.84039189E-4,4.25623216E-4,-0.001246908033,0.0012074487,-6.31533663E-4,1.48968015E-4,-2.19424509E-4,8.0887414E-4,-0.001431789174,0.001522595383,-8.51754624E-4,-2.92764786E-4,0.00129050887,-0.001596982439,0.001089518646,-1.24239784E-4,-7.21419572E-4,0.00103889544,-8.4906998E-4,5.48185548E-4,-5.3991925E-4,8.57052927E-4,-0.001255318535,0.001766060631,-0.002573061009,0.002475853379,0.001020222607,-0.005484265463,-0.00116299214,-0.001802009163,coeffSetRealValueImag=0.0, 0.0, 0.0, 0.0, 0.0, 0.0, 0.0, 0.0, 0.0, 0.0, 0.0, 0.0, -0.0530093, -0.04498, 0.0, 0.0749693, 0.159034, 0.224907, 0.249809, 0.224907, 0.159034, 0.0749693, 0.0, -0.04498, -0.0530093, -0.0321283, 0.0, 0.0, 0.0, 0.0, 0.0, 0.0, 0.0, 0.0, 0.0, 0.0, 0.0,coeffSetScaleValue=-0.0017563557781875914,-0.0011240676980400586,-0.005479830027945286,0.0009835592357850512,0.002458898089462628,-0.002529152320590132,0.0017563557781875914,-0.0011943219291675623,0.000843050773530044,-0.0004917796178925256,0.0004917796178925256,-0.000843050773530044,0.0009835592357850512,-0.0007025423112750366,-7.025423112750366e-5,0.0010538134669125549,-0.0015455930848050805,0.001264576160295066,-0.00028101692451001464,-0.000843050773530044,0.0014753388536775768,-0.0014050846225500731,0.0007727965424025403,-0.000210762693382511,0.00014050846225500732,-0.0005620338490200293,0.0011943219291675623,-0.0011943219291675623,0.000421525386765022,0.0009835592357850512,-0.0021778811649526136,0.002529152320590132,-0.0017563557781875914,0.000210762693382511,0.0010538134669125549,-0.0015455930848050805,0.0011240676980400586,-0.0003512711556375183,0.0,-0.0004917796178925256,0.0014753388536775768,-0.0021076269338251097,0.001686101547060088,-7.025423112750366e-5,-0.0018968642404425988,0.003372203094120176,-0.003301948862992672,0.0018968642404425988,0.0,-0.0013348303914225697,0.0013348303914225697,-0.0005620338490200293,-0.00014050846225500732,-7.025423112750366e-5,0.0014050846225500731,-0.00288042347622765,0.0034424573252476794,-0.0021778811649526136,-0.000421525386765022,0.0031614404007376646,-0.004496270792160234,0.0037937284808851977,-0.001686101547060088,-0.0003512711556375183,0.001264576160295066,-0.000632288080147533,-0.000421525386765022,0.0007727965424025403,0.0005620338490200293,-0.0030209319384826576,0.00498805041005276,-0.004917796178925256,0.0023886438583351245,0.0014753388536775768,-0.004707033485542745,0.0055500842590727895,-0.003934236943140205,0.0011943219291675623,0.000632288080147533,-0.0005620338490200293,-0.000843050773530044,0.0020373727026976062,-0.0011943219291675623,-0.0018266100093150951,0.005620338490200293,-0.007727965424025403,0.006463389263730337,-0.0021076269338251097,-0.0030209319384826576,0.006322880801475329,-0.006252626570347826,0.0035829657875026868,-0.0005620338490200293,-0.00028101692451001464,-0.0011943219291675623,0.0036532200186301903,-0.0042152538676502194,0.001264576160295066,0.004285508098777723,-0.009695083895595506,0.011381185442655593,-0.008079236579662922,0.0013348303914225697,0.005058304641180264,-0.007938728117407914,0.006322880801475329,-0.002458898089462628,0.0,-0.0011943219291675623,0.005198813103435271,-0.008430507735300439,0.0071659315750053736,-0.0003512711556375183,-0.009133050046575476,0.016228727390453345,-0.016579998546090866,0.009765338126723009,0.00028101692451001464,-0.00786847388628041,0.009273558508830484,-0.005198813103435271,0.0004917796178925256,-0.000210762693382511,0.006041863876965315,-0.014261608918883244,0.017985083168640937,-0.012013473522803126,-0.0030209319384826576,0.02016296433359355,-0.03013906515369907,0.02704787898408891,-0.012786270065205666,-0.0036532200186301903,0.012716015834078163,-0.010116609282360528,0.0007727965424025403,0.004144999636522716,0.00442601656103273,-0.026134573979431364,0.04868618217136004,-0.05388499527479531,0.02915550591791402,0.022340845498546164,-0.08016007771648168,0.11486566789346848,-0.10369524514419541,0.04454118253483732,0.04046643712944211,-0.11451439673783097,0.143810411118,-0.11451439673783097,0.04046643712944211,0.04454118253483732,-0.10369524514419541,0.11486566789346848,-0.08016007771648168,0.022340845498546164,0.02915550591791402,-0.05388499527479531,0.04868618217136004,-0.026134573979431364,0.00442601656103273,0.004144999636522716,0.0007727965424025403,-0.010116609282360528,0.012716015834078163,-0.0036532200186301903,-0.012786270065205666,0.02704787898408891,-0.03013906515369907,0.02016296433359355,-0.0030209319384826576,-0.012013473522803126,0.017985083168640937,-0.014261608918883244,0.006041863876965315,-0.000210762693382511,0.0004917796178925256,-0.005198813103435271,0.009273558508830484,-0.00786847388628041,0.00028101692451001464,0.009765338126723009,-0.016579998546090866,0.016228727390453345,-0.009133050046575476,-0.0003512711556375183,0.0071659315750053736,-0.008430507735300439,0.005198813103435271,-0.0011943219291675623,0.0,-0.002458898089462628,0.006322880801475329,-0.007938728117407914,0.005058304641180264,0.0013348303914225697,-0.008079236579662922,0.011381185442655593,-0.009695083895595506,0.004285508098777723,0.001264576160295066,-0.0042152538676502194,0.0036532200186301903,-0.0011943219291675623,-0.00028101692451001464,-0.0005620338490200293,0.0035829657875026868,-0.006252626570347826,0.006322880801475329,-0.0030209319384826576,-0.0021076269338251097,0.006463389263730337,-0.007727965424025403,0.005620338490200293,-0.0018266100093150951,-0.0011943219291675623,0.0020373727026976062,-0.000843050773530044,-0.0005620338490200293,0.000632288080147533,0.0011943219291675623,-0.003934236943140205,0.0055500842590727895,-0.004707033485542745,0.0014753388536775768,0.0023886438583351245,-0.004917796178925256,0.00498805041005276,-0.0030209319384826576,0.0005620338490200293,0.0007727965424025403,-0.000421525386765022,-0.000632288080147533,0.001264576160295066,-0.0003512711556375183,-0.001686101547060088,0.0037937284808851977,-0.004496270792160234,0.0031614404007376646,-0.000421525386765022,-0.0021778811649526136,0.0034424573252476794,-0.00288042347622765,0.0014050846225500731,-7.025423112750366e-5,-0.00014050846225500732,-0.0005620338490200293,0.0013348303914225697,-0.0013348303914225697,0.0,0.0018968642404425988,-0.003301948862992672,0.003372203094120176,-0.0018968642404425988,-7.025423112750366e-5,0.001686101547060088,-0.0021076269338251097,0.0014753388536775768,-0.0004917796178925256,0.0,-0.0003512711556375183,0.0011240676980400586,-0.0015455930848050805,0.0010538134669125549,0.000210762693382511,-0.0017563557781875914,0.002529152320590132,-0.0021778811649526136,0.0009835592357850512,0.000421525386765022,-0.0011943219291675623,0.0011943219291675623,-0.0005620338490200293,0.00014050846225500732,-0.000210762693382511,0.0007727965424025403,-0.0014050846225500731,0.0014753388536775768,-0.000843050773530044,-0.00028101692451001464,0.001264576160295066,-0.0015455930848050805,0.0010538134669125549,-7.025423112750366e-5,-0.0007025423112750366,0.0009835592357850512,-0.000843050773530044,0.0004917796178925256,-0.0004917796178925256,0.000843050773530044,-0.0011943219291675623,0.0017563557781875914,-0.002529152320590132,0.002458898089462628,0.0009835592357850512,-0.005479830027945286,-0.0011240676980400586,-0.0017563557781875914,coeffSetScaleValueImag=0.0,0.0,0.0,0.0,0.0,0.0,0.0,0.0,coeffType=int,coefficientReadback=false,coefficientWriteable=false,decimFactor=1,delayRAMBlockThreshold=20,deviceFamily=MAX 10,dspCount=3,dualMemDistRAMThreshold=1280,errorList=0,filterType=single,funcResult=-interp=1 -decim=1 -incycles=116 -len=299 -bankcount=1 -nsym -nband=1 -chans=1 -family=&quot;MAX 10&quot; 
|{}|1|1|1|1|33|0|20|3|noCode|LUTS: 289 DSPs: 3 RAM Bits: 9008|,hardMultiplierThreshold=-1,inputBitWidth=12,inputChannelNum=1,inputFracBitWidth=0,inputInterfaceNum=1,inputRate=0.820513,inputType=int,interpFactor=1,karatsuba=false,latency=20,latency_realOnly=20,lutCount=289,mRAMThreshold=1000000,memBitCount=9008,modeFormatted=--,num_modes=2,outBitWidth=33,outFracBitWidth=0,outFullFracBitWidth=0,outFullFracBitWidth_realOnly=0,outLSBRound=trunc,outLsbBitRem=0,outMSBRound=trunc,outMsbBitRem=0,outType=int,outWidth=33,outWidth_realOnly=33,outputInterfaceNum=1,outputfifodepth=4,outputfifodepth_realOnly=3,readWriteMode=read_write,reconfigurable=false,reconfigurable_list=0,speedGrade=medium,symmetryMode=nsym"
   instancePathKey="FIR_FSK:.:fir_compiler_ii_0"
   kind="altera_fir_compiler_ii"
   version="17.1"
   name="FIR_FSK_fir_compiler_ii_0">
  <parameter name="outBitWidth" value="33" />
  <parameter name="inputFracBitWidth" value="0" />
  <parameter
     name="coeffSetRealValueImag"
     value="0.0, 0.0, 0.0, 0.0, 0.0, 0.0, 0.0, 0.0, 0.0, 0.0, 0.0, 0.0, -0.0530093, -0.04498, 0.0, 0.0749693, 0.159034, 0.224907, 0.249809, 0.224907, 0.159034, 0.0749693, 0.0, -0.04498, -0.0530093, -0.0321283, 0.0, 0.0, 0.0, 0.0, 0.0, 0.0, 0.0, 0.0, 0.0, 0.0, 0.0" />
  <parameter name="inputInterfaceNum" value="1" />
  <parameter name="MODE_STRING" value="None Set" />
  <parameter
     name="funcResult"
     value="-interp=1 -decim=1 -incycles=116 -len=299 -bankcount=1 -nsym -nband=1 -chans=1 -family=&quot;MAX 10&quot; 
|{}|1|1|1|1|33|0|20|3|noCode|LUTS: 289 DSPs: 3 RAM Bits: 9008|" />
  <parameter name="speedGrade" value="medium" />
  <parameter name="outFullFracBitWidth_realOnly" value="0" />
  <parameter name="coeffBitWidth" value="12" />
  <parameter name="coeffType" value="int" />
  <parameter name="outMSBRound" value="trunc" />
  <parameter name="outLSBRound" value="trunc" />
  <parameter name="coeffReload" value="false" />
  <parameter name="delayRAMBlockThreshold" value="20" />
  <parameter name="inputType" value="int" />
  <parameter name="chanPerOutputInterface" value="1" />
  <parameter name="busAddressWidth" value="9" />
  <parameter name="coefficientWriteable" value="false" />
  <parameter name="coeffSetFixedValueImag" value="0,0,0,0,0,0,0,0" />
  <parameter name="num_modes" value="2" />
  <parameter name="karatsuba" value="false" />
  <parameter name="coeffBitWidth_derived" value="12" />
  <parameter name="bankDisplay" value="0" />
  <parameter name="baseAddress" value="0" />
  <parameter
     name="coeffSetRealValue"
     value="-0.001802009163,-0.00116299214,-0.005484265463,0.001020222607,0.002475853379,-0.002573061009,0.001766060631,-0.001255318535,8.57052927E-4,-5.3991925E-4,5.48185548E-4,-8.4906998E-4,0.00103889544,-7.21419572E-4,-1.24239784E-4,0.001089518646,-0.001596982439,0.00129050887,-2.92764786E-4,-8.51754624E-4,0.001522595383,-0.001431789174,8.0887414E-4,-2.19424509E-4,1.48968015E-4,-6.31533663E-4,0.0012074487,-0.001246908033,4.25623216E-4,9.84039189E-4,-0.002235171303,0.002579173287,-0.001775296893,2.7110182E-4,0.001078649488,-0.001576320246,0.001146091032,-3.61633927E-4,1.0445168E-5,-4.92627654E-4,0.001492084222,-0.002166497714,0.001746076199,-1.30445751E-4,-0.001956470931,0.003381955768,-0.0033415141,0.001900429746,3.6526653E-5,-0.0013353437,0.001399854068,-5.65129787E-4,-1.74360151E-4,-7.6834491E-5,0.001405822578,-0.002950010067,0.003459939891,-0.002196789198,-4.7090022E-4,0.003212577319,-0.004556243328,0.003857985095,-0.001718103241,-4.19911784E-4,0.001295998986,-6.71802999E-4,-4.81300024E-4,7.73931055E-4,5.85357959E-4,-0.003045244395,0.005026927041,-0.004955034514,0.002395495621,0.001508130222,-0.004726507619,0.005611746186,-0.003991309829,0.001257571628,6.50743354E-4,-6.05016443E-4,-8.91840168E-4,0.002071353446,-0.001250322918,-0.001841469584,0.005668297524,-0.007789471801,0.006522826119,-0.002173261009,-0.003043716193,0.006367712586,-0.00630670884,0.003597532888,-6.16626124E-4,-3.40740019E-4,-0.001244365528,0.003673529279,-0.004245311522,0.0013032273,0.004348496359,-0.009702827914,0.011416199696,-0.008093880132,0.001357521634,0.005111692906,-0.007955142845,0.006354396975,-0.002525329498,6.4578548E-5,-0.001246943364,0.00522775672,-0.008464954557,0.007208837202,-3.86988342E-4,-0.009181102503,0.016281650908,-0.01663104317,0.009806547772,2.8916466E-4,-0.007903914902,0.009281959986,-0.005228950402,4.98644059E-4,-2.72551573E-4,0.006111852197,-0.01430363105,0.018007425982,-0.012022746739,-0.003034898032,0.020211250856,-0.030144035887,0.027055089629,-0.012856060576,-0.00372307791,0.012781378443,-0.01016627175,8.27953031E-4,0.004160722772,0.004448255001,-0.026188901035,0.048739125104,-0.053930565017,0.029185689037,0.022406484735,-0.080222171461,0.114872654175,-0.103714449559,0.044583959077,0.04049023581,-0.114574971343,0.143810411118,-0.114574971343,0.04049023581,0.044583959077,-0.103714449559,0.114872654175,-0.080222171461,0.022406484735,0.029185689037,-0.053930565017,0.048739125104,-0.026188901035,0.004448255001,0.004160722772,8.27953031E-4,-0.01016627175,0.012781378443,-0.00372307791,-0.012856060576,0.027055089629,-0.030144035887,0.020211250856,-0.003034898032,-0.012022746739,0.018007425982,-0.01430363105,0.006111852197,-2.72551573E-4,4.98644059E-4,-0.005228950402,0.009281959986,-0.007903914902,2.8916466E-4,0.009806547772,-0.01663104317,0.016281650908,-0.009181102503,-3.86988342E-4,0.007208837202,-0.008464954557,0.00522775672,-0.001246943364,6.4578548E-5,-0.002525329498,0.006354396975,-0.007955142845,0.005111692906,0.001357521634,-0.008093880132,0.011416199696,-0.009702827914,0.004348496359,0.0013032273,-0.004245311522,0.003673529279,-0.001244365528,-3.40740019E-4,-6.16626124E-4,0.003597532888,-0.00630670884,0.006367712586,-0.003043716193,-0.002173261009,0.006522826119,-0.007789471801,0.005668297524,-0.001841469584,-0.001250322918,0.002071353446,-8.91840168E-4,-6.05016443E-4,6.50743354E-4,0.001257571628,-0.003991309829,0.005611746186,-0.004726507619,0.001508130222,0.002395495621,-0.004955034514,0.005026927041,-0.003045244395,5.85357959E-4,7.73931055E-4,-4.81300024E-4,-6.71802999E-4,0.001295998986,-4.19911784E-4,-0.001718103241,0.003857985095,-0.004556243328,0.003212577319,-4.7090022E-4,-0.002196789198,0.003459939891,-0.002950010067,0.001405822578,-7.6834491E-5,-1.74360151E-4,-5.65129787E-4,0.001399854068,-0.0013353437,3.6526653E-5,0.001900429746,-0.0033415141,0.003381955768,-0.001956470931,-1.30445751E-4,0.001746076199,-0.002166497714,0.001492084222,-4.92627654E-4,1.0445168E-5,-3.61633927E-4,0.001146091032,-0.001576320246,0.001078649488,2.7110182E-4,-0.001775296893,0.002579173287,-0.002235171303,9.84039189E-4,4.25623216E-4,-0.001246908033,0.0012074487,-6.31533663E-4,1.48968015E-4,-2.19424509E-4,8.0887414E-4,-0.001431789174,0.001522595383,-8.51754624E-4,-2.92764786E-4,0.00129050887,-0.001596982439,0.001089518646,-1.24239784E-4,-7.21419572E-4,0.00103889544,-8.4906998E-4,5.48185548E-4,-5.3991925E-4,8.57052927E-4,-0.001255318535,0.001766060631,-0.002573061009,0.002475853379,0.001020222607,-0.005484265463,-0.00116299214,-0.001802009163" />
  <parameter name="coeffSetScaleValueImag" value="0.0,0.0,0.0,0.0,0.0,0.0,0.0,0.0" />
  <parameter name="chanPerInputInterface" value="1" />
  <parameter name="deviceFamily" value="MAX 10" />
  <parameter name="dspCount" value="3" />
  <parameter name="outType" value="int" />
  <parameter name="symmetryMode" value="nsym" />
  <parameter name="outLsbBitRem" value="0" />
  <parameter name="decimFactor" value="1" />
  <parameter name="ModeWidth" value="0" />
  <parameter name="memBitCount" value="9008" />
  <parameter name="outputInterfaceNum" value="1" />
  <parameter name="filterType" value="single" />
  <parameter name="backPressure" value="true" />
  <parameter name="inputBitWidth" value="12" />
  <parameter name="coeffScaling" value="auto" />
  <parameter name="outFullFracBitWidth" value="0" />
  <parameter name="coeffNum" value="299" />
  <parameter name="busDataWidth" value="16" />
  <parameter name="coeffComplex" value="false" />
  <parameter name="outputfifodepth_realOnly" value="3" />
  <parameter name="inputChannelNum" value="1" />
  <parameter name="channelModes" value="0,1,2,3" />
  <parameter
     name="coeffSetScaleValue"
     value="-0.0017563557781875914,-0.0011240676980400586,-0.005479830027945286,0.0009835592357850512,0.002458898089462628,-0.002529152320590132,0.0017563557781875914,-0.0011943219291675623,0.000843050773530044,-0.0004917796178925256,0.0004917796178925256,-0.000843050773530044,0.0009835592357850512,-0.0007025423112750366,-7.025423112750366e-5,0.0010538134669125549,-0.0015455930848050805,0.001264576160295066,-0.00028101692451001464,-0.000843050773530044,0.0014753388536775768,-0.0014050846225500731,0.0007727965424025403,-0.000210762693382511,0.00014050846225500732,-0.0005620338490200293,0.0011943219291675623,-0.0011943219291675623,0.000421525386765022,0.0009835592357850512,-0.0021778811649526136,0.002529152320590132,-0.0017563557781875914,0.000210762693382511,0.0010538134669125549,-0.0015455930848050805,0.0011240676980400586,-0.0003512711556375183,0.0,-0.0004917796178925256,0.0014753388536775768,-0.0021076269338251097,0.001686101547060088,-7.025423112750366e-5,-0.0018968642404425988,0.003372203094120176,-0.003301948862992672,0.0018968642404425988,0.0,-0.0013348303914225697,0.0013348303914225697,-0.0005620338490200293,-0.00014050846225500732,-7.025423112750366e-5,0.0014050846225500731,-0.00288042347622765,0.0034424573252476794,-0.0021778811649526136,-0.000421525386765022,0.0031614404007376646,-0.004496270792160234,0.0037937284808851977,-0.001686101547060088,-0.0003512711556375183,0.001264576160295066,-0.000632288080147533,-0.000421525386765022,0.0007727965424025403,0.0005620338490200293,-0.0030209319384826576,0.00498805041005276,-0.004917796178925256,0.0023886438583351245,0.0014753388536775768,-0.004707033485542745,0.0055500842590727895,-0.003934236943140205,0.0011943219291675623,0.000632288080147533,-0.0005620338490200293,-0.000843050773530044,0.0020373727026976062,-0.0011943219291675623,-0.0018266100093150951,0.005620338490200293,-0.007727965424025403,0.006463389263730337,-0.0021076269338251097,-0.0030209319384826576,0.006322880801475329,-0.006252626570347826,0.0035829657875026868,-0.0005620338490200293,-0.00028101692451001464,-0.0011943219291675623,0.0036532200186301903,-0.0042152538676502194,0.001264576160295066,0.004285508098777723,-0.009695083895595506,0.011381185442655593,-0.008079236579662922,0.0013348303914225697,0.005058304641180264,-0.007938728117407914,0.006322880801475329,-0.002458898089462628,0.0,-0.0011943219291675623,0.005198813103435271,-0.008430507735300439,0.0071659315750053736,-0.0003512711556375183,-0.009133050046575476,0.016228727390453345,-0.016579998546090866,0.009765338126723009,0.00028101692451001464,-0.00786847388628041,0.009273558508830484,-0.005198813103435271,0.0004917796178925256,-0.000210762693382511,0.006041863876965315,-0.014261608918883244,0.017985083168640937,-0.012013473522803126,-0.0030209319384826576,0.02016296433359355,-0.03013906515369907,0.02704787898408891,-0.012786270065205666,-0.0036532200186301903,0.012716015834078163,-0.010116609282360528,0.0007727965424025403,0.004144999636522716,0.00442601656103273,-0.026134573979431364,0.04868618217136004,-0.05388499527479531,0.02915550591791402,0.022340845498546164,-0.08016007771648168,0.11486566789346848,-0.10369524514419541,0.04454118253483732,0.04046643712944211,-0.11451439673783097,0.143810411118,-0.11451439673783097,0.04046643712944211,0.04454118253483732,-0.10369524514419541,0.11486566789346848,-0.08016007771648168,0.022340845498546164,0.02915550591791402,-0.05388499527479531,0.04868618217136004,-0.026134573979431364,0.00442601656103273,0.004144999636522716,0.0007727965424025403,-0.010116609282360528,0.012716015834078163,-0.0036532200186301903,-0.012786270065205666,0.02704787898408891,-0.03013906515369907,0.02016296433359355,-0.0030209319384826576,-0.012013473522803126,0.017985083168640937,-0.014261608918883244,0.006041863876965315,-0.000210762693382511,0.0004917796178925256,-0.005198813103435271,0.009273558508830484,-0.00786847388628041,0.00028101692451001464,0.009765338126723009,-0.016579998546090866,0.016228727390453345,-0.009133050046575476,-0.0003512711556375183,0.0071659315750053736,-0.008430507735300439,0.005198813103435271,-0.0011943219291675623,0.0,-0.002458898089462628,0.006322880801475329,-0.007938728117407914,0.005058304641180264,0.0013348303914225697,-0.008079236579662922,0.011381185442655593,-0.009695083895595506,0.004285508098777723,0.001264576160295066,-0.0042152538676502194,0.0036532200186301903,-0.0011943219291675623,-0.00028101692451001464,-0.0005620338490200293,0.0035829657875026868,-0.006252626570347826,0.006322880801475329,-0.0030209319384826576,-0.0021076269338251097,0.006463389263730337,-0.007727965424025403,0.005620338490200293,-0.0018266100093150951,-0.0011943219291675623,0.0020373727026976062,-0.000843050773530044,-0.0005620338490200293,0.000632288080147533,0.0011943219291675623,-0.003934236943140205,0.0055500842590727895,-0.004707033485542745,0.0014753388536775768,0.0023886438583351245,-0.004917796178925256,0.00498805041005276,-0.0030209319384826576,0.0005620338490200293,0.0007727965424025403,-0.000421525386765022,-0.000632288080147533,0.001264576160295066,-0.0003512711556375183,-0.001686101547060088,0.0037937284808851977,-0.004496270792160234,0.0031614404007376646,-0.000421525386765022,-0.0021778811649526136,0.0034424573252476794,-0.00288042347622765,0.0014050846225500731,-7.025423112750366e-5,-0.00014050846225500732,-0.0005620338490200293,0.0013348303914225697,-0.0013348303914225697,0.0,0.0018968642404425988,-0.003301948862992672,0.003372203094120176,-0.0018968642404425988,-7.025423112750366e-5,0.001686101547060088,-0.0021076269338251097,0.0014753388536775768,-0.0004917796178925256,0.0,-0.0003512711556375183,0.0011240676980400586,-0.0015455930848050805,0.0010538134669125549,0.000210762693382511,-0.0017563557781875914,0.002529152320590132,-0.0021778811649526136,0.0009835592357850512,0.000421525386765022,-0.0011943219291675623,0.0011943219291675623,-0.0005620338490200293,0.00014050846225500732,-0.000210762693382511,0.0007727965424025403,-0.0014050846225500731,0.0014753388536775768,-0.000843050773530044,-0.00028101692451001464,0.001264576160295066,-0.0015455930848050805,0.0010538134669125549,-7.025423112750366e-5,-0.0007025423112750366,0.0009835592357850512,-0.000843050773530044,0.0004917796178925256,-0.0004917796178925256,0.000843050773530044,-0.0011943219291675623,0.0017563557781875914,-0.002529152320590132,0.002458898089462628,0.0009835592357850512,-0.005479830027945286,-0.0011240676980400586,-0.0017563557781875914" />
  <parameter name="latency" value="20" />
  <parameter name="lutCount" value="289" />
  <parameter name="outFracBitWidth" value="0" />
  <parameter name="outputfifodepth" value="4" />
  <parameter name="clockRate" value="96" />
  <parameter name="readWriteMode" value="read_write" />
  <parameter name="reconfigurable" value="false" />
  <parameter name="outWidth" value="33" />
  <parameter name="coeffFracBitWidth" value="0" />
  <parameter
     name="coeffSetFixedValue"
     value="-25,-16,-78,14,35,-36,25,-17,12,-7,7,-12,14,-10,-1,15,-22,18,-4,-12,21,-20,11,-3,2,-8,17,-17,6,14,-31,36,-25,3,15,-22,16,-5,0,-7,21,-30,24,-1,-27,48,-47,27,0,-19,19,-8,-2,-1,20,-41,49,-31,-6,45,-64,54,-24,-5,18,-9,-6,11,8,-43,71,-70,34,21,-67,79,-56,17,9,-8,-12,29,-17,-26,80,-110,92,-30,-43,90,-89,51,-8,-4,-17,52,-60,18,61,-138,162,-115,19,72,-113,90,-35,0,-17,74,-120,102,-5,-130,231,-236,139,4,-112,132,-74,7,-3,86,-203,256,-171,-43,287,-429,385,-182,-52,181,-144,11,59,63,-372,693,-767,415,318,-1141,1635,-1476,634,576,-1630,2047,-1630,576,634,-1476,1635,-1141,318,415,-767,693,-372,63,59,11,-144,181,-52,-182,385,-429,287,-43,-171,256,-203,86,-3,7,-74,132,-112,4,139,-236,231,-130,-5,102,-120,74,-17,0,-35,90,-113,72,19,-115,162,-138,61,18,-60,52,-17,-4,-8,51,-89,90,-43,-30,92,-110,80,-26,-17,29,-12,-8,9,17,-56,79,-67,21,34,-70,71,-43,8,11,-6,-9,18,-5,-24,54,-64,45,-6,-31,49,-41,20,-1,-2,-8,19,-19,0,27,-47,48,-27,-1,24,-30,21,-7,0,-5,16,-22,15,3,-25,36,-31,14,6,-17,17,-8,2,-3,11,-20,21,-12,-4,18,-22,15,-1,-10,14,-12,7,-7,12,-17,25,-36,35,14,-78,-16,-25" />
  <parameter name="modeFormatted" value="--" />
  <parameter name="mRAMThreshold" value="1000000" />
  <parameter name="bankCount" value="1" />
  <parameter name="interpFactor" value="1" />
  <parameter name="outWidth_realOnly" value="33" />
  <parameter name="errorList" value="0" />
  <parameter name="L_bandsFilter" value="1" />
  <parameter name="clockSlack" value="0" />
  <parameter name="outMsbBitRem" value="0" />
  <parameter name="reconfigurable_list" value="0" />
  <parameter name="dualMemDistRAMThreshold" value="1280" />
  <parameter name="latency_realOnly" value="20" />
  <parameter name="inputRate" value="0.820513" />
  <parameter name="coefficientReadback" value="false" />
  <parameter name="bankInWidth" value="0" />
  <parameter name="hardMultiplierThreshold" value="-1" />
  <generatedFiles>
   <file
       path="D:/FPGA/ad9226_fft_spi_7.20/prj/ip_fir/FIR_FSK/synthesis/submodules/dspba_library_package.vhd"
       type="VHDL"
       attributes="" />
   <file
       path="D:/FPGA/ad9226_fft_spi_7.20/prj/ip_fir/FIR_FSK/synthesis/submodules/dspba_library.vhd"
       type="VHDL"
       attributes="" />
   <file
       path="D:/FPGA/ad9226_fft_spi_7.20/prj/ip_fir/FIR_FSK/synthesis/submodules/auk_dspip_math_pkg_hpfir.vhd"
       type="VHDL"
       attributes="" />
   <file
       path="D:/FPGA/ad9226_fft_spi_7.20/prj/ip_fir/FIR_FSK/synthesis/submodules/auk_dspip_lib_pkg_hpfir.vhd"
       type="VHDL"
       attributes="" />
   <file
       path="D:/FPGA/ad9226_fft_spi_7.20/prj/ip_fir/FIR_FSK/synthesis/submodules/auk_dspip_avalon_streaming_controller_hpfir.vhd"
       type="VHDL"
       attributes="" />
   <file
       path="D:/FPGA/ad9226_fft_spi_7.20/prj/ip_fir/FIR_FSK/synthesis/submodules/auk_dspip_avalon_streaming_sink_hpfir.vhd"
       type="VHDL"
       attributes="" />
   <file
       path="D:/FPGA/ad9226_fft_spi_7.20/prj/ip_fir/FIR_FSK/synthesis/submodules/auk_dspip_avalon_streaming_source_hpfir.vhd"
       type="VHDL"
       attributes="" />
   <file
       path="D:/FPGA/ad9226_fft_spi_7.20/prj/ip_fir/FIR_FSK/synthesis/submodules/auk_dspip_roundsat_hpfir.vhd"
       type="VHDL"
       attributes="" />
   <file
       path="D:/FPGA/ad9226_fft_spi_7.20/prj/ip_fir/FIR_FSK/synthesis/submodules/altera_avalon_sc_fifo.v"
       type="VERILOG"
       attributes="" />
   <file
       path="D:/FPGA/ad9226_fft_spi_7.20/prj/ip_fir/FIR_FSK/synthesis/submodules/FIR_FSK_fir_compiler_ii_0_rtl_core_u0_m0_wo0_cm0_lutmem.hex"
       type="HEX"
       attributes="" />
   <file
       path="D:/FPGA/ad9226_fft_spi_7.20/prj/ip_fir/FIR_FSK/synthesis/submodules/FIR_FSK_fir_compiler_ii_0_rtl_core_u0_m0_wo0_cm1_lutmem.hex"
       type="HEX"
       attributes="" />
   <file
       path="D:/FPGA/ad9226_fft_spi_7.20/prj/ip_fir/FIR_FSK/synthesis/submodules/FIR_FSK_fir_compiler_ii_0_rtl_core_u0_m0_wo0_cm2_lutmem.hex"
       type="HEX"
       attributes="" />
   <file
       path="D:/FPGA/ad9226_fft_spi_7.20/prj/ip_fir/FIR_FSK/synthesis/submodules/FIR_FSK_fir_compiler_ii_0_rtl_core_u0_m0_wo0_wi0_r0_ra2_count1_lut_lutmem.hex"
       type="HEX"
       attributes="" />
   <file
       path="D:/FPGA/ad9226_fft_spi_7.20/prj/ip_fir/FIR_FSK/synthesis/submodules/FIR_FSK_fir_compiler_ii_0_rtl_core.vhd"
       type="VHDL"
       attributes="" />
   <file
       path="D:/FPGA/ad9226_fft_spi_7.20/prj/ip_fir/FIR_FSK/synthesis/submodules/FIR_FSK_fir_compiler_ii_0_ast.vhd"
       type="VHDL"
       attributes="" />
   <file
       path="D:/FPGA/ad9226_fft_spi_7.20/prj/ip_fir/FIR_FSK/synthesis/submodules/FIR_FSK_fir_compiler_ii_0.vhd"
       type="VHDL"
       attributes="" />
  </generatedFiles>
  <childGeneratedFiles/>
  <sourceFiles>
   <file
       path="D:/intelfpga/17.1/ip/altera/dsp/altera_fir_compiler_ii/src/HP_FIR_hw.tcl" />
  </sourceFiles>
  <childSourceFiles/>
  <instantiator instantiator="FIR_FSK" as="fir_compiler_ii_0" />
  <messages>
   <message level="Debug" culprit="FIR_FSK">queue size: 0 starting:altera_fir_compiler_ii "submodules/FIR_FSK_fir_compiler_ii_0"</message>
   <message level="Debug" culprit="fir_compiler_ii_0"><![CDATA[D:/intelfpga/17.1/quartus/dspba/backend/windows64/fir_ip_api_interface FIR_FSK_fir_compiler_ii_0_rtl_core . MAX10 medium 0 96 1 0.820513 299 1 1 1 nsym 1 12 0 12 0 0 false false -- 16 9 20 1280 1000000 -1 true true 1 -- <<< -25,-16,-78,14,35,-36,25,-17,12,-7,7,-12,14,-10,-1,15,-22,18,-4,-12,21,-20,11,-3,2,-8,17,-17,6,14,-31,36,-25,3,15,-22,16,-5,0,-7,21,-30,24,-1,-27,48,-47,27,0,-19,19,-8,-2,-1,20,-41,49,-31,-6,45,-64,54,-24,-5,18,-9,-6,11,8,-43,71,-70,34,21,-67,79,-56,17,9,-8,-12,29,-17,-26,80,-110,92,-30,-43,90,-89,51,-8,-4,-17,52,-60,18,61,-138,162,-115,19,72,-113,90,-35,0,-17,74,-120,102,-5,-130,231,-236,139,4,-112,132,-74,7,-3,86,-203,256,-171,-43,287,-429,385,-182,-52,181,-144,11,59,63,-372,693,-767,415,318,-1141,1635,-1476,634,576,-1630,2047,-1630,576,634,-1476,1635,-1141,318,415,-767,693,-372,63,59,11,-144,181,-52,-182,385,-429,287,-43,-171,256,-203,86,-3,7,-74,132,-112,4,139,-236,231,-130,-5,102,-120,74,-17,0,-35,90,-113,72,19,-115,162,-138,61,18,-60,52,-17,-4,-8,51,-89,90,-43,-30,92,-110,80,-26,-17,29,-12,-8,9,17,-56,79,-67,21,34,-70,71,-43,8,11,-6,-9,18,-5,-24,54,-64,45,-6,-31,49,-41,20,-1,-2,-8,19,-19,0,27,-47,48,-27,-1,24,-30,21,-7,0,-5,16,-22,15,3,-25,36,-31,14,6,-17,17,-8,2,-3,11,-20,21,-12,-4,18,-22,15,-1,-10,14,-12,7,-7,12,-17,25,-36,35,14,-78,-16,-25 ]]></message>
   <message level="Debug" culprit="fir_compiler_ii_0"><![CDATA[OUTPARAMS -interp=1 -decim=1 -incycles=116 -len=299 -bankcount=1 -nsym -nband=1 -chans=1 -family="MAX 10" 
|{}|1|1|1|1|33|0|20|3|true|LUTS: 289 DSPs: 3 RAM Bits: 9008|FIR_FSK_fir_compiler_ii_0_rtl_core.vhd|FIR_FSK_fir_compiler_ii_0_rtl_core_u0_m0_wo0_wi0_r0_ra2_count1_lut_lutmem.hex|FIR_FSK_fir_compiler_ii_0_rtl_core_u0_m0_wo0_cm0_lutmem.hex|FIR_FSK_fir_compiler_ii_0_rtl_core_u0_m0_wo0_cm1_lutmem.hex|FIR_FSK_fir_compiler_ii_0_rtl_core_u0_m0_wo0_cm2_lutmem.hex|FIR_FSK_fir_compiler_ii_0_rtl_core_u0_m0_wo0_wi0_r0_ra2_count1_lut_lutmem.hex|FIR_FSK_fir_compiler_ii_0_rtl_core_u0_m0_wo0_cm0_lutmem.hex|FIR_FSK_fir_compiler_ii_0_rtl_core_u0_m0_wo0_cm1_lutmem.hex|FIR_FSK_fir_compiler_ii_0_rtl_core_u0_m0_wo0_cm2_lutmem.hex|]]></message>
   <message level="Info" culprit="fir_compiler_ii_0">PhysChanIn 1, PhysChanOut 1, ChansPerPhyIn 1, ChansPerPhyOut 1, OutputFullBitWidth 33, Bankcount 1, Latency 20, CoefBitWidth 12</message>
   <message level="Info" culprit="fir_compiler_ii_0"><![CDATA["<b>FIR_FSK</b>" instantiated <b>altera_fir_compiler_ii</b> "<b>fir_compiler_ii_0</b>"]]></message>
  </messages>
 </entity>
</deploy>
