# system info FSK_lowpass on 2023.08.03.14:34:58
system_info:
name,value
DEVICE,10M08SAM153C8GES
DEVICE_FAMILY,MAX 10
GENERATION_ID,1691044496
#
#
# Files generated for FSK_lowpass on 2023.08.03.14:34:58
files:
filepath,kind,attributes,module,is_top
simulation/FSK_lowpass.v,VERILOG,,FSK_lowpass,true
simulation/submodules/dspba_library_package.vhd,VHDL,,FSK_lowpass_fir_compiler_ii_0,false
simulation/submodules/dspba_library.vhd,VHDL,,FSK_lowpass_fir_compiler_ii_0,false
simulation/submodules/auk_dspip_math_pkg_hpfir.vhd,VHDL,,FSK_lowpass_fir_compiler_ii_0,false
simulation/submodules/auk_dspip_lib_pkg_hpfir.vhd,VHDL,,FSK_lowpass_fir_compiler_ii_0,false
simulation/submodules/auk_dspip_avalon_streaming_controller_hpfir.vhd,VHDL,,FSK_lowpass_fir_compiler_ii_0,false
simulation/submodules/auk_dspip_avalon_streaming_sink_hpfir.vhd,VHDL,,FSK_lowpass_fir_compiler_ii_0,false
simulation/submodules/auk_dspip_avalon_streaming_source_hpfir.vhd,VHDL,,FSK_lowpass_fir_compiler_ii_0,false
simulation/submodules/auk_dspip_roundsat_hpfir.vhd,VHDL,,FSK_lowpass_fir_compiler_ii_0,false
simulation/submodules/altera_avalon_sc_fifo.v,VERILOG,,FSK_lowpass_fir_compiler_ii_0,false
simulation/submodules/FSK_lowpass_fir_compiler_ii_0_rtl_core_u0_m0_wo0_cm0_lutmem.hex,HEX,,FSK_lowpass_fir_compiler_ii_0,false
simulation/submodules/FSK_lowpass_fir_compiler_ii_0_rtl_core_u0_m0_wo0_cm1_lutmem.hex,HEX,,FSK_lowpass_fir_compiler_ii_0,false
simulation/submodules/FSK_lowpass_fir_compiler_ii_0_rtl_core_u0_m0_wo0_cm2_lutmem.hex,HEX,,FSK_lowpass_fir_compiler_ii_0,false
simulation/submodules/FSK_lowpass_fir_compiler_ii_0_rtl_core_u0_m0_wo0_wi0_r0_ra2_count1_lut_lutmem.hex,HEX,,FSK_lowpass_fir_compiler_ii_0,false
simulation/submodules/FSK_lowpass_fir_compiler_ii_0_rtl_core.vhd,VHDL,,FSK_lowpass_fir_compiler_ii_0,false
simulation/submodules/FSK_lowpass_fir_compiler_ii_0_ast.vhd,VHDL,,FSK_lowpass_fir_compiler_ii_0,false
simulation/submodules/FSK_lowpass_fir_compiler_ii_0.vhd,VHDL,,FSK_lowpass_fir_compiler_ii_0,false
simulation/submodules/FSK_lowpass_fir_compiler_ii_0_nativelink.tcl,OTHER,,FSK_lowpass_fir_compiler_ii_0,false
simulation/submodules/FSK_lowpass_fir_compiler_ii_0_msim.tcl,OTHER,,FSK_lowpass_fir_compiler_ii_0,false
simulation/submodules/FSK_lowpass_fir_compiler_ii_0_tb.vhd,VHDL,,FSK_lowpass_fir_compiler_ii_0,false
simulation/submodules/FSK_lowpass_fir_compiler_ii_0_mlab.m,OTHER,,FSK_lowpass_fir_compiler_ii_0,false
simulation/submodules/FSK_lowpass_fir_compiler_ii_0_model.m,OTHER,,FSK_lowpass_fir_compiler_ii_0,false
simulation/submodules/FSK_lowpass_fir_compiler_ii_0_coef_int.txt,OTHER,,FSK_lowpass_fir_compiler_ii_0,false
simulation/submodules/FSK_lowpass_fir_compiler_ii_0_input.txt,OTHER,,FSK_lowpass_fir_compiler_ii_0,false
simulation/submodules/FSK_lowpass_fir_compiler_ii_0_param.txt,OTHER,,FSK_lowpass_fir_compiler_ii_0,false
#
# Map from instance-path to kind of module
instances:
instancePath,module
FSK_lowpass.fir_compiler_ii_0,FSK_lowpass_fir_compiler_ii_0
