<?xml version="1.0" encoding="UTF-8"?>
<deploy
 date="2023.08.03.14:35:05"
 outputDirectory="D:/FPGA/ad9226_fft_spi_7.20/prj/ip_FSK_lowpass/FSK_lowpass/">
 <perimeter>
  <parameter
     name="AUTO_GENERATION_ID"
     type="Integer"
     defaultValue="0"
     onHdl="0"
     affectsHdl="1" />
  <parameter
     name="AUTO_UNIQUE_ID"
     type="String"
     defaultValue=""
     onHdl="0"
     affectsHdl="1" />
  <parameter
     name="AUTO_DEVICE_FAMILY"
     type="String"
     defaultValue="MAX 10"
     onHdl="0"
     affectsHdl="1" />
  <parameter
     name="AUTO_DEVICE"
     type="String"
     defaultValue="10M08SAM153C8GES"
     onHdl="0"
     affectsHdl="1" />
  <parameter
     name="AUTO_DEVICE_SPEEDGRADE"
     type="String"
     defaultValue="8"
     onHdl="0"
     affectsHdl="1" />
  <parameter
     name="AUTO_CLK_CLOCK_RATE"
     type="Long"
     defaultValue="-1"
     onHdl="0"
     affectsHdl="1" />
  <parameter
     name="AUTO_CLK_CLOCK_DOMAIN"
     type="Integer"
     defaultValue="-1"
     onHdl="0"
     affectsHdl="1" />
  <parameter
     name="AUTO_CLK_RESET_DOMAIN"
     type="Integer"
     defaultValue="-1"
     onHdl="0"
     affectsHdl="1" />
  <interface name="avalon_streaming_sink" kind="avalon_streaming" start="0">
   <property name="associatedClock" value="clk" />
   <property name="associatedReset" value="rst" />
   <property name="beatsPerCycle" value="1" />
   <property name="dataBitsPerSymbol" value="12" />
   <property name="emptyWithinPacket" value="false" />
   <property name="errorDescriptor" value="" />
   <property name="firstSymbolInHighOrderBits" value="true" />
   <property name="highOrderSymbolAtMSB" value="false" />
   <property name="maxChannel" value="0" />
   <property name="packetDescription" value="" />
   <property name="readyLatency" value="0" />
   <property name="symbolsPerBeat" value="1" />
   <port name="ast_sink_data" direction="input" role="data" width="12" />
   <port name="ast_sink_valid" direction="input" role="valid" width="1" />
   <port name="ast_sink_error" direction="input" role="error" width="2" />
   <port name="ast_sink_ready" direction="output" role="ready" width="1" />
  </interface>
  <interface name="avalon_streaming_source" kind="avalon_streaming" start="1">
   <property name="associatedClock" value="clk" />
   <property name="associatedReset" value="rst" />
   <property name="beatsPerCycle" value="1" />
   <property name="dataBitsPerSymbol" value="33" />
   <property name="emptyWithinPacket" value="false" />
   <property name="errorDescriptor" value="" />
   <property name="firstSymbolInHighOrderBits" value="true" />
   <property name="highOrderSymbolAtMSB" value="false" />
   <property name="maxChannel" value="0" />
   <property name="packetDescription" value="" />
   <property name="readyLatency" value="0" />
   <property name="symbolsPerBeat" value="1" />
   <port name="ast_source_data" direction="output" role="data" width="33" />
   <port name="ast_source_valid" direction="output" role="valid" width="1" />
   <port name="ast_source_error" direction="output" role="error" width="2" />
   <port name="ast_source_ready" direction="input" role="ready" width="1" />
  </interface>
  <interface name="clk" kind="clock" start="0">
   <property name="clockRate" value="0" />
   <property name="externallyDriven" value="false" />
   <property name="ptfSchematicName" value="" />
   <port name="clk" direction="input" role="clk" width="1" />
  </interface>
  <interface name="rst" kind="reset" start="0">
   <property name="associatedClock" value="clk" />
   <property name="synchronousEdges" value="DEASSERT" />
   <port name="reset_n" direction="input" role="reset_n" width="1" />
  </interface>
 </perimeter>
 <entity
   path=""
   parameterizationKey="FSK_lowpass:1.0:AUTO_CLK_CLOCK_DOMAIN=-1,AUTO_CLK_CLOCK_RATE=-1,AUTO_CLK_RESET_DOMAIN=-1,AUTO_DEVICE=10M08SAM153C8GES,AUTO_DEVICE_FAMILY=MAX 10,AUTO_DEVICE_SPEEDGRADE=8,AUTO_GENERATION_ID=1691044503,AUTO_UNIQUE_ID=(altera_fir_compiler_ii:17.1:L_bandsFilter=1,MODE_STRING=None Set,ModeWidth=0,backPressure=true,bankCount=1,bankDisplay=0,bankInWidth=0,baseAddress=0,busAddressWidth=9,busDataWidth=16,chanPerInputInterface=1,chanPerOutputInterface=1,channelModes=0,1,2,3,clockRate=96,clockSlack=0,coeffBitWidth=12,coeffBitWidth_derived=12,coeffComplex=false,coeffFracBitWidth=0,coeffNum=257,coeffReload=false,coeffScaling=auto,coeffSetFixedValue=2,2,2,2,1,0,-1,-2,-3,-3,-2,-1,0,2,3,4,4,3,1,0,-3,-5,-6,-5,-4,-1,1,5,7,8,7,5,1,-3,-7,-10,-11,-10,-6,0,5,11,15,16,13,7,0,-9,-16,-20,-21,-16,-8,2,13,22,27,27,20,8,-5,-19,-30,-36,-34,-24,-8,10,28,41,46,42,28,7,-17,-39,-54,-59,-51,-32,-4,26,53,71,75,62,35,-1,-40,-73,-93,-95,-76,-38,9,60,101,124,122,93,41,-23,-90,-143,-171,-163,-119,-44,49,142,216,251,235,164,46,-102,-253,-375,-436,-410,-280,-47,277,663,1071,1455,1769,1975,2047,1975,1769,1455,1071,663,277,-47,-280,-410,-436,-375,-253,-102,46,164,235,251,216,142,49,-44,-119,-163,-171,-143,-90,-23,41,93,122,124,101,60,9,-38,-76,-95,-93,-73,-40,-1,35,62,75,71,53,26,-4,-32,-51,-59,-54,-39,-17,7,28,42,46,41,28,10,-8,-24,-34,-36,-30,-19,-5,8,20,27,27,22,13,2,-8,-16,-21,-20,-16,-9,0,7,13,16,15,11,5,0,-6,-10,-11,-10,-7,-3,1,5,7,8,7,5,1,-1,-4,-5,-6,-5,-3,0,1,3,4,4,3,2,0,-1,-2,-3,-3,-2,-1,0,1,2,2,2,2,coeffSetFixedValueImag=0,0,0,0,0,0,0,0,coeffSetRealValue=1.53186938E-4,1.95359009E-4,1.98111199E-4,1.59820299E-4,8.6787965E-5,-7.629411E-6,-1.05215551E-4,-1.86116785E-4,-2.32594286E-4,-2.32664067E-4,-1.82930768E-4,-8.9988994E-5,3.0036563E-5,1.53928338E-4,2.55522273E-4,3.10907812E-4,3.03718776E-4,2.2940631E-4,9.7458736E-5,-6.9155702E-5,-2.37532632E-4,-3.70940338E-4,-4.36451592E-4,-4.12590031E-4,-2.95297036E-4,-1.00699784E-4,1.36298502E-4,3.6775795E-4,5.41964496E-4,6.14523822E-4,5.58995316E-4,3.74629841E-4,8.9168885E-5,-2.44436778E-4,-5.57275872E-4,-7.78220728E-4,-8.49531231E-4,-7.41001079E-4,-4.59331306E-4,-5.0169605E-5,4.08340636E-4,8.19857746E-4,0.001089519052,0.001145096653,9.55043579E-4,5.39125798E-4,-3.1388527E-5,-6.44943583E-4,-0.001170813031,-0.001486281127,-0.001504372015,-0.001196025121,-6.01340715E-4,1.73497012E-4,9.74112787E-4,0.001627900172,0.001980409311,0.001930654687,0.001457482762,6.30498062E-4,-3.98054519E-4,-0.001420138379,-0.002213049927,-0.002586892255,-0.002428482829,-0.001731823025,-6.07468836E-4,7.32806544E-4,0.002014532724,0.002955547971,0.003326715174,0.003005553001,0.002010612856,5.07750118E-4,-0.001215086952,-0.002801336553,-0.003898004197,-0.004232257003,-0.003676186609,-0.00228491425,-2.97927368E-4,0.001899243951,0.003847565842,0.005108072877,0.005357854894,0.004468022416,0.002545647669,-7.1874244E-5,-0.002872244377,-0.005265194096,-0.006703243223,-0.006802272318,-0.005436232884,-0.002783967868,6.85334629E-4,0.004289548091,0.007262234279,0.008909233455,0.008762387873,0.006697882528,0.002991634946,-0.001704827673,-0.006469356624,-0.010279809176,-0.012220430782,-0.011684473272,-0.008531201043,-0.003161363534,0.003511250581,0.0101956119,0.015449071791,0.017956288968,0.016811757644,0.011751755743,0.003287133906,-0.007296449746,-0.018081835142,-0.026792403239,-0.031153543666,-0.02928562289,-0.020061520008,-0.003364450515,0.019803912506,0.047391254421,0.07653535319,0.103945039864,0.126363879487,0.141043620516,0.146151286153,0.141043620516,0.126363879487,0.103945039864,0.07653535319,0.047391254421,0.019803912506,-0.003364450515,-0.020061520008,-0.02928562289,-0.031153543666,-0.026792403239,-0.018081835142,-0.007296449746,0.003287133906,0.011751755743,0.016811757644,0.017956288968,0.015449071791,0.0101956119,0.003511250581,-0.003161363534,-0.008531201043,-0.011684473272,-0.012220430782,-0.010279809176,-0.006469356624,-0.001704827673,0.002991634946,0.006697882528,0.008762387873,0.008909233455,0.007262234279,0.004289548091,6.85334629E-4,-0.002783967868,-0.005436232884,-0.006802272318,-0.006703243223,-0.005265194096,-0.002872244377,-7.1874244E-5,0.002545647669,0.004468022416,0.005357854894,0.005108072877,0.003847565842,0.001899243951,-2.97927368E-4,-0.00228491425,-0.003676186609,-0.004232257003,-0.003898004197,-0.002801336553,-0.001215086952,5.07750118E-4,0.002010612856,0.003005553001,0.003326715174,0.002955547971,0.002014532724,7.32806544E-4,-6.07468836E-4,-0.001731823025,-0.002428482829,-0.002586892255,-0.002213049927,-0.001420138379,-3.98054519E-4,6.30498062E-4,0.001457482762,0.001930654687,0.001980409311,0.001627900172,9.74112787E-4,1.73497012E-4,-6.01340715E-4,-0.001196025121,-0.001504372015,-0.001486281127,-0.001170813031,-6.44943583E-4,-3.1388527E-5,5.39125798E-4,9.55043579E-4,0.001145096653,0.001089519052,8.19857746E-4,4.08340636E-4,-5.0169605E-5,-4.59331306E-4,-7.41001079E-4,-8.49531231E-4,-7.78220728E-4,-5.57275872E-4,-2.44436778E-4,8.9168885E-5,3.74629841E-4,5.58995316E-4,6.14523822E-4,5.41964496E-4,3.6775795E-4,1.36298502E-4,-1.00699784E-4,-2.95297036E-4,-4.12590031E-4,-4.36451592E-4,-3.70940338E-4,-2.37532632E-4,-6.9155702E-5,9.7458736E-5,2.2940631E-4,3.03718776E-4,3.10907812E-4,2.55522273E-4,1.53928338E-4,3.0036563E-5,-8.9988994E-5,-1.82930768E-4,-2.32664067E-4,-2.32594286E-4,-1.86116785E-4,-1.05215551E-4,-7.629411E-6,8.6787965E-5,1.59820299E-4,1.98111199E-4,1.95359009E-4,1.53186938E-4,coeffSetRealValueImag=0.0, 0.0, 0.0, 0.0, 0.0, 0.0, 0.0, 0.0, 0.0, 0.0, 0.0, 0.0, -0.0530093, -0.04498, 0.0, 0.0749693, 0.159034, 0.224907, 0.249809, 0.224907, 0.159034, 0.0749693, 0.0, -0.04498, -0.0530093, -0.0321283, 0.0, 0.0, 0.0, 0.0, 0.0, 0.0, 0.0, 0.0, 0.0, 0.0, 0.0,coeffSetScaleValue=0.0001427955897928676,0.0001427955897928676,0.0001427955897928676,0.0001427955897928676,7.13977948964338e-5,0.0,-7.13977948964338e-5,-0.0001427955897928676,-0.0002141933846893014,-0.0002141933846893014,-0.0001427955897928676,-7.13977948964338e-5,0.0,0.0001427955897928676,0.0002141933846893014,0.0002855911795857352,0.0002855911795857352,0.0002141933846893014,7.13977948964338e-5,0.0,-0.0002141933846893014,-0.00035698897448216904,-0.0004283867693786028,-0.00035698897448216904,-0.0002855911795857352,-7.13977948964338e-5,7.13977948964338e-5,0.00035698897448216904,0.0004997845642750366,0.0005711823591714704,0.0004997845642750366,0.00035698897448216904,7.13977948964338e-5,-0.0002141933846893014,-0.0004997845642750366,-0.0007139779489643381,-0.0007853757438607719,-0.0007139779489643381,-0.0004283867693786028,0.0,0.00035698897448216904,0.0007853757438607719,0.001070966923446507,0.0011423647183429408,0.0009281713336536394,0.0004997845642750366,0.0,-0.0006425801540679042,-0.0011423647183429408,-0.0014279558979286761,-0.00149935369282511,-0.0011423647183429408,-0.0005711823591714704,0.0001427955897928676,0.0009281713336536394,0.0015707514877215437,0.0019277404622037126,0.0019277404622037126,0.0014279558979286761,0.0005711823591714704,-0.00035698897448216904,-0.0013565581030322421,-0.002141933846893014,-0.0025703206162716167,-0.002427525026478749,-0.0017135470775144113,-0.0005711823591714704,0.0007139779489643381,0.0019991382571001464,0.002927309590753786,0.003284298565235955,0.00299870738565022,0.0019991382571001464,0.0004997845642750366,-0.0012137625132393746,-0.002784514000960918,-0.0038554809244074253,-0.004212469898889595,-0.003641287539718124,-0.0022847294366858816,-0.0002855911795857352,0.0018563426673072789,0.0037840831295109915,0.0050692434376468,0.005354834617232535,0.0044266632835788956,0.002498922821375183,-7.13977948964338e-5,-0.0028559117958573523,-0.005212039027439668,-0.006639994925368343,-0.006782790515161211,-0.0054262324121289686,-0.0027131162060644843,0.0006425801540679042,0.004283867693786028,0.007211177284539814,0.008853326567157791,0.008710530977364924,0.006639994925368343,0.002927309590753786,-0.0016421492826179775,-0.006425801540679042,-0.010209884670190034,-0.01220902292729018,-0.01163784056811871,-0.008496337592675622,-0.0031415029754430874,0.0034984919499252564,0.0101384868752936,0.015421923697629701,0.017920846519004885,0.016778481800661944,0.011709238363015144,0.003284298565235955,-0.007282575079436248,-0.018063642108797753,-0.026774173086162676,-0.03112943857484514,-0.02927309590753786,-0.019991382571001463,-0.0033556963601323888,0.019777189186312164,0.04733673801633561,0.0764670383340806,0.10388379157431119,0.1263026991717914,0.14101064492045676,0.146151286153,0.14101064492045676,0.1263026991717914,0.10388379157431119,0.0764670383340806,0.04733673801633561,0.019777189186312164,-0.0033556963601323888,-0.019991382571001463,-0.02927309590753786,-0.03112943857484514,-0.026774173086162676,-0.018063642108797753,-0.007282575079436248,0.003284298565235955,0.011709238363015144,0.016778481800661944,0.017920846519004885,0.015421923697629701,0.0101384868752936,0.0034984919499252564,-0.0031415029754430874,-0.008496337592675622,-0.01163784056811871,-0.01220902292729018,-0.010209884670190034,-0.006425801540679042,-0.0016421492826179775,0.002927309590753786,0.006639994925368343,0.008710530977364924,0.008853326567157791,0.007211177284539814,0.004283867693786028,0.0006425801540679042,-0.0027131162060644843,-0.0054262324121289686,-0.006782790515161211,-0.006639994925368343,-0.005212039027439668,-0.0028559117958573523,-7.13977948964338e-5,0.002498922821375183,0.0044266632835788956,0.005354834617232535,0.0050692434376468,0.0037840831295109915,0.0018563426673072789,-0.0002855911795857352,-0.0022847294366858816,-0.003641287539718124,-0.004212469898889595,-0.0038554809244074253,-0.002784514000960918,-0.0012137625132393746,0.0004997845642750366,0.0019991382571001464,0.00299870738565022,0.003284298565235955,0.002927309590753786,0.0019991382571001464,0.0007139779489643381,-0.0005711823591714704,-0.0017135470775144113,-0.002427525026478749,-0.0025703206162716167,-0.002141933846893014,-0.0013565581030322421,-0.00035698897448216904,0.0005711823591714704,0.0014279558979286761,0.0019277404622037126,0.0019277404622037126,0.0015707514877215437,0.0009281713336536394,0.0001427955897928676,-0.0005711823591714704,-0.0011423647183429408,-0.00149935369282511,-0.0014279558979286761,-0.0011423647183429408,-0.0006425801540679042,0.0,0.0004997845642750366,0.0009281713336536394,0.0011423647183429408,0.001070966923446507,0.0007853757438607719,0.00035698897448216904,0.0,-0.0004283867693786028,-0.0007139779489643381,-0.0007853757438607719,-0.0007139779489643381,-0.0004997845642750366,-0.0002141933846893014,7.13977948964338e-5,0.00035698897448216904,0.0004997845642750366,0.0005711823591714704,0.0004997845642750366,0.00035698897448216904,7.13977948964338e-5,-7.13977948964338e-5,-0.0002855911795857352,-0.00035698897448216904,-0.0004283867693786028,-0.00035698897448216904,-0.0002141933846893014,0.0,7.13977948964338e-5,0.0002141933846893014,0.0002855911795857352,0.0002855911795857352,0.0002141933846893014,0.0001427955897928676,0.0,-7.13977948964338e-5,-0.0001427955897928676,-0.0002141933846893014,-0.0002141933846893014,-0.0001427955897928676,-7.13977948964338e-5,0.0,7.13977948964338e-5,0.0001427955897928676,0.0001427955897928676,0.0001427955897928676,0.0001427955897928676,coeffSetScaleValueImag=0.0,0.0,0.0,0.0,0.0,0.0,0.0,0.0,coeffType=int,coefficientReadback=false,coefficientWriteable=false,decimFactor=1,delayRAMBlockThreshold=20,deviceFamily=MAX 10,dspCount=3,dualMemDistRAMThreshold=1280,errorList=0,filterType=single,funcResult=-interp=1 -decim=1 -incycles=116 -len=257 -bankcount=1 -nsym -nband=1 -chans=1 -family=&quot;MAX 10&quot; 
|{}|1|1|1|1|33|0|20|3|noCode|LUTS: 289 DSPs: 3 RAM Bits: 8392|,hardMultiplierThreshold=-1,inputBitWidth=12,inputChannelNum=1,inputFracBitWidth=0,inputInterfaceNum=1,inputRate=0.820513,inputType=int,interpFactor=1,karatsuba=false,latency=20,latency_realOnly=20,lutCount=289,mRAMThreshold=1000000,memBitCount=8392,modeFormatted=--,num_modes=2,outBitWidth=33,outFracBitWidth=0,outFullFracBitWidth=0,outFullFracBitWidth_realOnly=0,outLSBRound=trunc,outLsbBitRem=0,outMSBRound=trunc,outMsbBitRem=0,outType=int,outWidth=33,outWidth_realOnly=33,outputInterfaceNum=1,outputfifodepth=4,outputfifodepth_realOnly=3,readWriteMode=read_write,reconfigurable=false,reconfigurable_list=0,speedGrade=medium,symmetryMode=nsym)"
   instancePathKey="FSK_lowpass"
   kind="FSK_lowpass"
   version="1.0"
   name="FSK_lowpass">
  <parameter name="AUTO_CLK_CLOCK_RATE" value="-1" />
  <parameter name="AUTO_GENERATION_ID" value="1691044503" />
  <parameter name="AUTO_DEVICE" value="10M08SAM153C8GES" />
  <parameter name="AUTO_DEVICE_FAMILY" value="MAX 10" />
  <parameter name="AUTO_CLK_RESET_DOMAIN" value="-1" />
  <parameter name="AUTO_CLK_CLOCK_DOMAIN" value="-1" />
  <parameter name="AUTO_UNIQUE_ID" value="" />
  <parameter name="AUTO_DEVICE_SPEEDGRADE" value="8" />
  <generatedFiles>
   <file
       path="D:/FPGA/ad9226_fft_spi_7.20/prj/ip_FSK_lowpass/FSK_lowpass/synthesis/FSK_lowpass.v"
       type="VERILOG" />
  </generatedFiles>
  <childGeneratedFiles>
   <file
       path="D:/FPGA/ad9226_fft_spi_7.20/prj/ip_FSK_lowpass/FSK_lowpass/synthesis/submodules/dspba_library_package.vhd"
       type="VHDL"
       attributes="" />
   <file
       path="D:/FPGA/ad9226_fft_spi_7.20/prj/ip_FSK_lowpass/FSK_lowpass/synthesis/submodules/dspba_library.vhd"
       type="VHDL"
       attributes="" />
   <file
       path="D:/FPGA/ad9226_fft_spi_7.20/prj/ip_FSK_lowpass/FSK_lowpass/synthesis/submodules/auk_dspip_math_pkg_hpfir.vhd"
       type="VHDL"
       attributes="" />
   <file
       path="D:/FPGA/ad9226_fft_spi_7.20/prj/ip_FSK_lowpass/FSK_lowpass/synthesis/submodules/auk_dspip_lib_pkg_hpfir.vhd"
       type="VHDL"
       attributes="" />
   <file
       path="D:/FPGA/ad9226_fft_spi_7.20/prj/ip_FSK_lowpass/FSK_lowpass/synthesis/submodules/auk_dspip_avalon_streaming_controller_hpfir.vhd"
       type="VHDL"
       attributes="" />
   <file
       path="D:/FPGA/ad9226_fft_spi_7.20/prj/ip_FSK_lowpass/FSK_lowpass/synthesis/submodules/auk_dspip_avalon_streaming_sink_hpfir.vhd"
       type="VHDL"
       attributes="" />
   <file
       path="D:/FPGA/ad9226_fft_spi_7.20/prj/ip_FSK_lowpass/FSK_lowpass/synthesis/submodules/auk_dspip_avalon_streaming_source_hpfir.vhd"
       type="VHDL"
       attributes="" />
   <file
       path="D:/FPGA/ad9226_fft_spi_7.20/prj/ip_FSK_lowpass/FSK_lowpass/synthesis/submodules/auk_dspip_roundsat_hpfir.vhd"
       type="VHDL"
       attributes="" />
   <file
       path="D:/FPGA/ad9226_fft_spi_7.20/prj/ip_FSK_lowpass/FSK_lowpass/synthesis/submodules/altera_avalon_sc_fifo.v"
       type="VERILOG"
       attributes="" />
   <file
       path="D:/FPGA/ad9226_fft_spi_7.20/prj/ip_FSK_lowpass/FSK_lowpass/synthesis/submodules/FSK_lowpass_fir_compiler_ii_0_rtl_core_u0_m0_wo0_cm0_lutmem.hex"
       type="HEX"
       attributes="" />
   <file
       path="D:/FPGA/ad9226_fft_spi_7.20/prj/ip_FSK_lowpass/FSK_lowpass/synthesis/submodules/FSK_lowpass_fir_compiler_ii_0_rtl_core_u0_m0_wo0_cm1_lutmem.hex"
       type="HEX"
       attributes="" />
   <file
       path="D:/FPGA/ad9226_fft_spi_7.20/prj/ip_FSK_lowpass/FSK_lowpass/synthesis/submodules/FSK_lowpass_fir_compiler_ii_0_rtl_core_u0_m0_wo0_cm2_lutmem.hex"
       type="HEX"
       attributes="" />
   <file
       path="D:/FPGA/ad9226_fft_spi_7.20/prj/ip_FSK_lowpass/FSK_lowpass/synthesis/submodules/FSK_lowpass_fir_compiler_ii_0_rtl_core_u0_m0_wo0_wi0_r0_ra2_count1_lut_lutmem.hex"
       type="HEX"
       attributes="" />
   <file
       path="D:/FPGA/ad9226_fft_spi_7.20/prj/ip_FSK_lowpass/FSK_lowpass/synthesis/submodules/FSK_lowpass_fir_compiler_ii_0_rtl_core.vhd"
       type="VHDL"
       attributes="" />
   <file
       path="D:/FPGA/ad9226_fft_spi_7.20/prj/ip_FSK_lowpass/FSK_lowpass/synthesis/submodules/FSK_lowpass_fir_compiler_ii_0_ast.vhd"
       type="VHDL"
       attributes="" />
   <file
       path="D:/FPGA/ad9226_fft_spi_7.20/prj/ip_FSK_lowpass/FSK_lowpass/synthesis/submodules/FSK_lowpass_fir_compiler_ii_0.vhd"
       type="VHDL"
       attributes="" />
  </childGeneratedFiles>
  <sourceFiles>
   <file
       path="D:/FPGA/ad9226_fft_spi_7.20/prj/ip_FSK_lowpass/FSK_lowpass.qsys" />
  </sourceFiles>
  <childSourceFiles>
   <file
       path="D:/intelfpga/17.1/ip/altera/dsp/altera_fir_compiler_ii/src/HP_FIR_hw.tcl" />
  </childSourceFiles>
  <messages>
   <message level="Debug" culprit="FSK_lowpass">queue size: 0 starting:FSK_lowpass "FSK_lowpass"</message>
   <message level="Progress" culprit="min"></message>
   <message level="Progress" culprit="max"></message>
   <message level="Progress" culprit="current"></message>
   <message level="Debug">Transform: CustomInstructionTransform</message>
   <message level="Debug">No custom instruction connections, skipping transform </message>
   <message level="Debug" culprit="merlin_custom_instruction_transform"><![CDATA[After transform: <b>1</b> modules, <b>0</b> connections]]></message>
   <message level="Debug">Transform: MMTransform</message>
   <message level="Debug">Transform: InterruptMapperTransform</message>
   <message level="Debug">Transform: InterruptSyncTransform</message>
   <message level="Debug">Transform: InterruptFanoutTransform</message>
   <message level="Debug">Transform: AvalonStreamingTransform</message>
   <message level="Debug">Transform: ResetAdaptation</message>
   <message level="Debug" culprit="FSK_lowpass"><![CDATA["<b>FSK_lowpass</b>" reuses <b>altera_fir_compiler_ii</b> "<b>submodules/FSK_lowpass_fir_compiler_ii_0</b>"]]></message>
   <message level="Debug" culprit="FSK_lowpass">queue size: 0 starting:altera_fir_compiler_ii "submodules/FSK_lowpass_fir_compiler_ii_0"</message>
   <message level="Debug" culprit="fir_compiler_ii_0"><![CDATA[D:/intelfpga/17.1/quartus/dspba/backend/windows64/fir_ip_api_interface FSK_lowpass_fir_compiler_ii_0_rtl_core . MAX10 medium 0 96 1 0.820513 257 1 1 1 nsym 1 12 0 12 0 0 false false -- 16 9 20 1280 1000000 -1 true true 1 -- <<< 2,2,2,2,1,0,-1,-2,-3,-3,-2,-1,0,2,3,4,4,3,1,0,-3,-5,-6,-5,-4,-1,1,5,7,8,7,5,1,-3,-7,-10,-11,-10,-6,0,5,11,15,16,13,7,0,-9,-16,-20,-21,-16,-8,2,13,22,27,27,20,8,-5,-19,-30,-36,-34,-24,-8,10,28,41,46,42,28,7,-17,-39,-54,-59,-51,-32,-4,26,53,71,75,62,35,-1,-40,-73,-93,-95,-76,-38,9,60,101,124,122,93,41,-23,-90,-143,-171,-163,-119,-44,49,142,216,251,235,164,46,-102,-253,-375,-436,-410,-280,-47,277,663,1071,1455,1769,1975,2047,1975,1769,1455,1071,663,277,-47,-280,-410,-436,-375,-253,-102,46,164,235,251,216,142,49,-44,-119,-163,-171,-143,-90,-23,41,93,122,124,101,60,9,-38,-76,-95,-93,-73,-40,-1,35,62,75,71,53,26,-4,-32,-51,-59,-54,-39,-17,7,28,42,46,41,28,10,-8,-24,-34,-36,-30,-19,-5,8,20,27,27,22,13,2,-8,-16,-21,-20,-16,-9,0,7,13,16,15,11,5,0,-6,-10,-11,-10,-7,-3,1,5,7,8,7,5,1,-1,-4,-5,-6,-5,-3,0,1,3,4,4,3,2,0,-1,-2,-3,-3,-2,-1,0,1,2,2,2,2 ]]></message>
   <message level="Debug" culprit="fir_compiler_ii_0"><![CDATA[OUTPARAMS -interp=1 -decim=1 -incycles=116 -len=257 -bankcount=1 -nsym -nband=1 -chans=1 -family="MAX 10" 
|{}|1|1|1|1|33|0|20|3|true|LUTS: 289 DSPs: 3 RAM Bits: 8392|FSK_lowpass_fir_compiler_ii_0_rtl_core.vhd|FSK_lowpass_fir_compiler_ii_0_rtl_core_u0_m0_wo0_wi0_r0_ra2_count1_lut_lutmem.hex|FSK_lowpass_fir_compiler_ii_0_rtl_core_u0_m0_wo0_cm0_lutmem.hex|FSK_lowpass_fir_compiler_ii_0_rtl_core_u0_m0_wo0_cm1_lutmem.hex|FSK_lowpass_fir_compiler_ii_0_rtl_core_u0_m0_wo0_cm2_lutmem.hex|FSK_lowpass_fir_compiler_ii_0_rtl_core_u0_m0_wo0_wi0_r0_ra2_count1_lut_lutmem.hex|FSK_lowpass_fir_compiler_ii_0_rtl_core_u0_m0_wo0_cm0_lutmem.hex|FSK_lowpass_fir_compiler_ii_0_rtl_core_u0_m0_wo0_cm1_lutmem.hex|FSK_lowpass_fir_compiler_ii_0_rtl_core_u0_m0_wo0_cm2_lutmem.hex|]]></message>
   <message level="Info" culprit="fir_compiler_ii_0">PhysChanIn 1, PhysChanOut 1, ChansPerPhyIn 1, ChansPerPhyOut 1, OutputFullBitWidth 33, Bankcount 1, Latency 20, CoefBitWidth 12</message>
   <message level="Info" culprit="fir_compiler_ii_0"><![CDATA["<b>FSK_lowpass</b>" instantiated <b>altera_fir_compiler_ii</b> "<b>fir_compiler_ii_0</b>"]]></message>
  </messages>
 </entity>
 <entity
   path="submodules/"
   parameterizationKey="altera_fir_compiler_ii:17.1:L_bandsFilter=1,MODE_STRING=None Set,ModeWidth=0,backPressure=true,bankCount=1,bankDisplay=0,bankInWidth=0,baseAddress=0,busAddressWidth=9,busDataWidth=16,chanPerInputInterface=1,chanPerOutputInterface=1,channelModes=0,1,2,3,clockRate=96,clockSlack=0,coeffBitWidth=12,coeffBitWidth_derived=12,coeffComplex=false,coeffFracBitWidth=0,coeffNum=257,coeffReload=false,coeffScaling=auto,coeffSetFixedValue=2,2,2,2,1,0,-1,-2,-3,-3,-2,-1,0,2,3,4,4,3,1,0,-3,-5,-6,-5,-4,-1,1,5,7,8,7,5,1,-3,-7,-10,-11,-10,-6,0,5,11,15,16,13,7,0,-9,-16,-20,-21,-16,-8,2,13,22,27,27,20,8,-5,-19,-30,-36,-34,-24,-8,10,28,41,46,42,28,7,-17,-39,-54,-59,-51,-32,-4,26,53,71,75,62,35,-1,-40,-73,-93,-95,-76,-38,9,60,101,124,122,93,41,-23,-90,-143,-171,-163,-119,-44,49,142,216,251,235,164,46,-102,-253,-375,-436,-410,-280,-47,277,663,1071,1455,1769,1975,2047,1975,1769,1455,1071,663,277,-47,-280,-410,-436,-375,-253,-102,46,164,235,251,216,142,49,-44,-119,-163,-171,-143,-90,-23,41,93,122,124,101,60,9,-38,-76,-95,-93,-73,-40,-1,35,62,75,71,53,26,-4,-32,-51,-59,-54,-39,-17,7,28,42,46,41,28,10,-8,-24,-34,-36,-30,-19,-5,8,20,27,27,22,13,2,-8,-16,-21,-20,-16,-9,0,7,13,16,15,11,5,0,-6,-10,-11,-10,-7,-3,1,5,7,8,7,5,1,-1,-4,-5,-6,-5,-3,0,1,3,4,4,3,2,0,-1,-2,-3,-3,-2,-1,0,1,2,2,2,2,coeffSetFixedValueImag=0,0,0,0,0,0,0,0,coeffSetRealValue=1.53186938E-4,1.95359009E-4,1.98111199E-4,1.59820299E-4,8.6787965E-5,-7.629411E-6,-1.05215551E-4,-1.86116785E-4,-2.32594286E-4,-2.32664067E-4,-1.82930768E-4,-8.9988994E-5,3.0036563E-5,1.53928338E-4,2.55522273E-4,3.10907812E-4,3.03718776E-4,2.2940631E-4,9.7458736E-5,-6.9155702E-5,-2.37532632E-4,-3.70940338E-4,-4.36451592E-4,-4.12590031E-4,-2.95297036E-4,-1.00699784E-4,1.36298502E-4,3.6775795E-4,5.41964496E-4,6.14523822E-4,5.58995316E-4,3.74629841E-4,8.9168885E-5,-2.44436778E-4,-5.57275872E-4,-7.78220728E-4,-8.49531231E-4,-7.41001079E-4,-4.59331306E-4,-5.0169605E-5,4.08340636E-4,8.19857746E-4,0.001089519052,0.001145096653,9.55043579E-4,5.39125798E-4,-3.1388527E-5,-6.44943583E-4,-0.001170813031,-0.001486281127,-0.001504372015,-0.001196025121,-6.01340715E-4,1.73497012E-4,9.74112787E-4,0.001627900172,0.001980409311,0.001930654687,0.001457482762,6.30498062E-4,-3.98054519E-4,-0.001420138379,-0.002213049927,-0.002586892255,-0.002428482829,-0.001731823025,-6.07468836E-4,7.32806544E-4,0.002014532724,0.002955547971,0.003326715174,0.003005553001,0.002010612856,5.07750118E-4,-0.001215086952,-0.002801336553,-0.003898004197,-0.004232257003,-0.003676186609,-0.00228491425,-2.97927368E-4,0.001899243951,0.003847565842,0.005108072877,0.005357854894,0.004468022416,0.002545647669,-7.1874244E-5,-0.002872244377,-0.005265194096,-0.006703243223,-0.006802272318,-0.005436232884,-0.002783967868,6.85334629E-4,0.004289548091,0.007262234279,0.008909233455,0.008762387873,0.006697882528,0.002991634946,-0.001704827673,-0.006469356624,-0.010279809176,-0.012220430782,-0.011684473272,-0.008531201043,-0.003161363534,0.003511250581,0.0101956119,0.015449071791,0.017956288968,0.016811757644,0.011751755743,0.003287133906,-0.007296449746,-0.018081835142,-0.026792403239,-0.031153543666,-0.02928562289,-0.020061520008,-0.003364450515,0.019803912506,0.047391254421,0.07653535319,0.103945039864,0.126363879487,0.141043620516,0.146151286153,0.141043620516,0.126363879487,0.103945039864,0.07653535319,0.047391254421,0.019803912506,-0.003364450515,-0.020061520008,-0.02928562289,-0.031153543666,-0.026792403239,-0.018081835142,-0.007296449746,0.003287133906,0.011751755743,0.016811757644,0.017956288968,0.015449071791,0.0101956119,0.003511250581,-0.003161363534,-0.008531201043,-0.011684473272,-0.012220430782,-0.010279809176,-0.006469356624,-0.001704827673,0.002991634946,0.006697882528,0.008762387873,0.008909233455,0.007262234279,0.004289548091,6.85334629E-4,-0.002783967868,-0.005436232884,-0.006802272318,-0.006703243223,-0.005265194096,-0.002872244377,-7.1874244E-5,0.002545647669,0.004468022416,0.005357854894,0.005108072877,0.003847565842,0.001899243951,-2.97927368E-4,-0.00228491425,-0.003676186609,-0.004232257003,-0.003898004197,-0.002801336553,-0.001215086952,5.07750118E-4,0.002010612856,0.003005553001,0.003326715174,0.002955547971,0.002014532724,7.32806544E-4,-6.07468836E-4,-0.001731823025,-0.002428482829,-0.002586892255,-0.002213049927,-0.001420138379,-3.98054519E-4,6.30498062E-4,0.001457482762,0.001930654687,0.001980409311,0.001627900172,9.74112787E-4,1.73497012E-4,-6.01340715E-4,-0.001196025121,-0.001504372015,-0.001486281127,-0.001170813031,-6.44943583E-4,-3.1388527E-5,5.39125798E-4,9.55043579E-4,0.001145096653,0.001089519052,8.19857746E-4,4.08340636E-4,-5.0169605E-5,-4.59331306E-4,-7.41001079E-4,-8.49531231E-4,-7.78220728E-4,-5.57275872E-4,-2.44436778E-4,8.9168885E-5,3.74629841E-4,5.58995316E-4,6.14523822E-4,5.41964496E-4,3.6775795E-4,1.36298502E-4,-1.00699784E-4,-2.95297036E-4,-4.12590031E-4,-4.36451592E-4,-3.70940338E-4,-2.37532632E-4,-6.9155702E-5,9.7458736E-5,2.2940631E-4,3.03718776E-4,3.10907812E-4,2.55522273E-4,1.53928338E-4,3.0036563E-5,-8.9988994E-5,-1.82930768E-4,-2.32664067E-4,-2.32594286E-4,-1.86116785E-4,-1.05215551E-4,-7.629411E-6,8.6787965E-5,1.59820299E-4,1.98111199E-4,1.95359009E-4,1.53186938E-4,coeffSetRealValueImag=0.0, 0.0, 0.0, 0.0, 0.0, 0.0, 0.0, 0.0, 0.0, 0.0, 0.0, 0.0, -0.0530093, -0.04498, 0.0, 0.0749693, 0.159034, 0.224907, 0.249809, 0.224907, 0.159034, 0.0749693, 0.0, -0.04498, -0.0530093, -0.0321283, 0.0, 0.0, 0.0, 0.0, 0.0, 0.0, 0.0, 0.0, 0.0, 0.0, 0.0,coeffSetScaleValue=0.0001427955897928676,0.0001427955897928676,0.0001427955897928676,0.0001427955897928676,7.13977948964338e-5,0.0,-7.13977948964338e-5,-0.0001427955897928676,-0.0002141933846893014,-0.0002141933846893014,-0.0001427955897928676,-7.13977948964338e-5,0.0,0.0001427955897928676,0.0002141933846893014,0.0002855911795857352,0.0002855911795857352,0.0002141933846893014,7.13977948964338e-5,0.0,-0.0002141933846893014,-0.00035698897448216904,-0.0004283867693786028,-0.00035698897448216904,-0.0002855911795857352,-7.13977948964338e-5,7.13977948964338e-5,0.00035698897448216904,0.0004997845642750366,0.0005711823591714704,0.0004997845642750366,0.00035698897448216904,7.13977948964338e-5,-0.0002141933846893014,-0.0004997845642750366,-0.0007139779489643381,-0.0007853757438607719,-0.0007139779489643381,-0.0004283867693786028,0.0,0.00035698897448216904,0.0007853757438607719,0.001070966923446507,0.0011423647183429408,0.0009281713336536394,0.0004997845642750366,0.0,-0.0006425801540679042,-0.0011423647183429408,-0.0014279558979286761,-0.00149935369282511,-0.0011423647183429408,-0.0005711823591714704,0.0001427955897928676,0.0009281713336536394,0.0015707514877215437,0.0019277404622037126,0.0019277404622037126,0.0014279558979286761,0.0005711823591714704,-0.00035698897448216904,-0.0013565581030322421,-0.002141933846893014,-0.0025703206162716167,-0.002427525026478749,-0.0017135470775144113,-0.0005711823591714704,0.0007139779489643381,0.0019991382571001464,0.002927309590753786,0.003284298565235955,0.00299870738565022,0.0019991382571001464,0.0004997845642750366,-0.0012137625132393746,-0.002784514000960918,-0.0038554809244074253,-0.004212469898889595,-0.003641287539718124,-0.0022847294366858816,-0.0002855911795857352,0.0018563426673072789,0.0037840831295109915,0.0050692434376468,0.005354834617232535,0.0044266632835788956,0.002498922821375183,-7.13977948964338e-5,-0.0028559117958573523,-0.005212039027439668,-0.006639994925368343,-0.006782790515161211,-0.0054262324121289686,-0.0027131162060644843,0.0006425801540679042,0.004283867693786028,0.007211177284539814,0.008853326567157791,0.008710530977364924,0.006639994925368343,0.002927309590753786,-0.0016421492826179775,-0.006425801540679042,-0.010209884670190034,-0.01220902292729018,-0.01163784056811871,-0.008496337592675622,-0.0031415029754430874,0.0034984919499252564,0.0101384868752936,0.015421923697629701,0.017920846519004885,0.016778481800661944,0.011709238363015144,0.003284298565235955,-0.007282575079436248,-0.018063642108797753,-0.026774173086162676,-0.03112943857484514,-0.02927309590753786,-0.019991382571001463,-0.0033556963601323888,0.019777189186312164,0.04733673801633561,0.0764670383340806,0.10388379157431119,0.1263026991717914,0.14101064492045676,0.146151286153,0.14101064492045676,0.1263026991717914,0.10388379157431119,0.0764670383340806,0.04733673801633561,0.019777189186312164,-0.0033556963601323888,-0.019991382571001463,-0.02927309590753786,-0.03112943857484514,-0.026774173086162676,-0.018063642108797753,-0.007282575079436248,0.003284298565235955,0.011709238363015144,0.016778481800661944,0.017920846519004885,0.015421923697629701,0.0101384868752936,0.0034984919499252564,-0.0031415029754430874,-0.008496337592675622,-0.01163784056811871,-0.01220902292729018,-0.010209884670190034,-0.006425801540679042,-0.0016421492826179775,0.002927309590753786,0.006639994925368343,0.008710530977364924,0.008853326567157791,0.007211177284539814,0.004283867693786028,0.0006425801540679042,-0.0027131162060644843,-0.0054262324121289686,-0.006782790515161211,-0.006639994925368343,-0.005212039027439668,-0.0028559117958573523,-7.13977948964338e-5,0.002498922821375183,0.0044266632835788956,0.005354834617232535,0.0050692434376468,0.0037840831295109915,0.0018563426673072789,-0.0002855911795857352,-0.0022847294366858816,-0.003641287539718124,-0.004212469898889595,-0.0038554809244074253,-0.002784514000960918,-0.0012137625132393746,0.0004997845642750366,0.0019991382571001464,0.00299870738565022,0.003284298565235955,0.002927309590753786,0.0019991382571001464,0.0007139779489643381,-0.0005711823591714704,-0.0017135470775144113,-0.002427525026478749,-0.0025703206162716167,-0.002141933846893014,-0.0013565581030322421,-0.00035698897448216904,0.0005711823591714704,0.0014279558979286761,0.0019277404622037126,0.0019277404622037126,0.0015707514877215437,0.0009281713336536394,0.0001427955897928676,-0.0005711823591714704,-0.0011423647183429408,-0.00149935369282511,-0.0014279558979286761,-0.0011423647183429408,-0.0006425801540679042,0.0,0.0004997845642750366,0.0009281713336536394,0.0011423647183429408,0.001070966923446507,0.0007853757438607719,0.00035698897448216904,0.0,-0.0004283867693786028,-0.0007139779489643381,-0.0007853757438607719,-0.0007139779489643381,-0.0004997845642750366,-0.0002141933846893014,7.13977948964338e-5,0.00035698897448216904,0.0004997845642750366,0.0005711823591714704,0.0004997845642750366,0.00035698897448216904,7.13977948964338e-5,-7.13977948964338e-5,-0.0002855911795857352,-0.00035698897448216904,-0.0004283867693786028,-0.00035698897448216904,-0.0002141933846893014,0.0,7.13977948964338e-5,0.0002141933846893014,0.0002855911795857352,0.0002855911795857352,0.0002141933846893014,0.0001427955897928676,0.0,-7.13977948964338e-5,-0.0001427955897928676,-0.0002141933846893014,-0.0002141933846893014,-0.0001427955897928676,-7.13977948964338e-5,0.0,7.13977948964338e-5,0.0001427955897928676,0.0001427955897928676,0.0001427955897928676,0.0001427955897928676,coeffSetScaleValueImag=0.0,0.0,0.0,0.0,0.0,0.0,0.0,0.0,coeffType=int,coefficientReadback=false,coefficientWriteable=false,decimFactor=1,delayRAMBlockThreshold=20,deviceFamily=MAX 10,dspCount=3,dualMemDistRAMThreshold=1280,errorList=0,filterType=single,funcResult=-interp=1 -decim=1 -incycles=116 -len=257 -bankcount=1 -nsym -nband=1 -chans=1 -family=&quot;MAX 10&quot; 
|{}|1|1|1|1|33|0|20|3|noCode|LUTS: 289 DSPs: 3 RAM Bits: 8392|,hardMultiplierThreshold=-1,inputBitWidth=12,inputChannelNum=1,inputFracBitWidth=0,inputInterfaceNum=1,inputRate=0.820513,inputType=int,interpFactor=1,karatsuba=false,latency=20,latency_realOnly=20,lutCount=289,mRAMThreshold=1000000,memBitCount=8392,modeFormatted=--,num_modes=2,outBitWidth=33,outFracBitWidth=0,outFullFracBitWidth=0,outFullFracBitWidth_realOnly=0,outLSBRound=trunc,outLsbBitRem=0,outMSBRound=trunc,outMsbBitRem=0,outType=int,outWidth=33,outWidth_realOnly=33,outputInterfaceNum=1,outputfifodepth=4,outputfifodepth_realOnly=3,readWriteMode=read_write,reconfigurable=false,reconfigurable_list=0,speedGrade=medium,symmetryMode=nsym"
   instancePathKey="FSK_lowpass:.:fir_compiler_ii_0"
   kind="altera_fir_compiler_ii"
   version="17.1"
   name="FSK_lowpass_fir_compiler_ii_0">
  <parameter name="outBitWidth" value="33" />
  <parameter name="inputFracBitWidth" value="0" />
  <parameter
     name="coeffSetRealValueImag"
     value="0.0, 0.0, 0.0, 0.0, 0.0, 0.0, 0.0, 0.0, 0.0, 0.0, 0.0, 0.0, -0.0530093, -0.04498, 0.0, 0.0749693, 0.159034, 0.224907, 0.249809, 0.224907, 0.159034, 0.0749693, 0.0, -0.04498, -0.0530093, -0.0321283, 0.0, 0.0, 0.0, 0.0, 0.0, 0.0, 0.0, 0.0, 0.0, 0.0, 0.0" />
  <parameter name="inputInterfaceNum" value="1" />
  <parameter name="MODE_STRING" value="None Set" />
  <parameter
     name="funcResult"
     value="-interp=1 -decim=1 -incycles=116 -len=257 -bankcount=1 -nsym -nband=1 -chans=1 -family=&quot;MAX 10&quot; 
|{}|1|1|1|1|33|0|20|3|noCode|LUTS: 289 DSPs: 3 RAM Bits: 8392|" />
  <parameter name="speedGrade" value="medium" />
  <parameter name="outFullFracBitWidth_realOnly" value="0" />
  <parameter name="coeffBitWidth" value="12" />
  <parameter name="coeffType" value="int" />
  <parameter name="outMSBRound" value="trunc" />
  <parameter name="outLSBRound" value="trunc" />
  <parameter name="coeffReload" value="false" />
  <parameter name="delayRAMBlockThreshold" value="20" />
  <parameter name="inputType" value="int" />
  <parameter name="chanPerOutputInterface" value="1" />
  <parameter name="busAddressWidth" value="9" />
  <parameter name="coefficientWriteable" value="false" />
  <parameter name="coeffSetFixedValueImag" value="0,0,0,0,0,0,0,0" />
  <parameter name="num_modes" value="2" />
  <parameter name="karatsuba" value="false" />
  <parameter name="coeffBitWidth_derived" value="12" />
  <parameter name="bankDisplay" value="0" />
  <parameter name="baseAddress" value="0" />
  <parameter
     name="coeffSetRealValue"
     value="1.53186938E-4,1.95359009E-4,1.98111199E-4,1.59820299E-4,8.6787965E-5,-7.629411E-6,-1.05215551E-4,-1.86116785E-4,-2.32594286E-4,-2.32664067E-4,-1.82930768E-4,-8.9988994E-5,3.0036563E-5,1.53928338E-4,2.55522273E-4,3.10907812E-4,3.03718776E-4,2.2940631E-4,9.7458736E-5,-6.9155702E-5,-2.37532632E-4,-3.70940338E-4,-4.36451592E-4,-4.12590031E-4,-2.95297036E-4,-1.00699784E-4,1.36298502E-4,3.6775795E-4,5.41964496E-4,6.14523822E-4,5.58995316E-4,3.74629841E-4,8.9168885E-5,-2.44436778E-4,-5.57275872E-4,-7.78220728E-4,-8.49531231E-4,-7.41001079E-4,-4.59331306E-4,-5.0169605E-5,4.08340636E-4,8.19857746E-4,0.001089519052,0.001145096653,9.55043579E-4,5.39125798E-4,-3.1388527E-5,-6.44943583E-4,-0.001170813031,-0.001486281127,-0.001504372015,-0.001196025121,-6.01340715E-4,1.73497012E-4,9.74112787E-4,0.001627900172,0.001980409311,0.001930654687,0.001457482762,6.30498062E-4,-3.98054519E-4,-0.001420138379,-0.002213049927,-0.002586892255,-0.002428482829,-0.001731823025,-6.07468836E-4,7.32806544E-4,0.002014532724,0.002955547971,0.003326715174,0.003005553001,0.002010612856,5.07750118E-4,-0.001215086952,-0.002801336553,-0.003898004197,-0.004232257003,-0.003676186609,-0.00228491425,-2.97927368E-4,0.001899243951,0.003847565842,0.005108072877,0.005357854894,0.004468022416,0.002545647669,-7.1874244E-5,-0.002872244377,-0.005265194096,-0.006703243223,-0.006802272318,-0.005436232884,-0.002783967868,6.85334629E-4,0.004289548091,0.007262234279,0.008909233455,0.008762387873,0.006697882528,0.002991634946,-0.001704827673,-0.006469356624,-0.010279809176,-0.012220430782,-0.011684473272,-0.008531201043,-0.003161363534,0.003511250581,0.0101956119,0.015449071791,0.017956288968,0.016811757644,0.011751755743,0.003287133906,-0.007296449746,-0.018081835142,-0.026792403239,-0.031153543666,-0.02928562289,-0.020061520008,-0.003364450515,0.019803912506,0.047391254421,0.07653535319,0.103945039864,0.126363879487,0.141043620516,0.146151286153,0.141043620516,0.126363879487,0.103945039864,0.07653535319,0.047391254421,0.019803912506,-0.003364450515,-0.020061520008,-0.02928562289,-0.031153543666,-0.026792403239,-0.018081835142,-0.007296449746,0.003287133906,0.011751755743,0.016811757644,0.017956288968,0.015449071791,0.0101956119,0.003511250581,-0.003161363534,-0.008531201043,-0.011684473272,-0.012220430782,-0.010279809176,-0.006469356624,-0.001704827673,0.002991634946,0.006697882528,0.008762387873,0.008909233455,0.007262234279,0.004289548091,6.85334629E-4,-0.002783967868,-0.005436232884,-0.006802272318,-0.006703243223,-0.005265194096,-0.002872244377,-7.1874244E-5,0.002545647669,0.004468022416,0.005357854894,0.005108072877,0.003847565842,0.001899243951,-2.97927368E-4,-0.00228491425,-0.003676186609,-0.004232257003,-0.003898004197,-0.002801336553,-0.001215086952,5.07750118E-4,0.002010612856,0.003005553001,0.003326715174,0.002955547971,0.002014532724,7.32806544E-4,-6.07468836E-4,-0.001731823025,-0.002428482829,-0.002586892255,-0.002213049927,-0.001420138379,-3.98054519E-4,6.30498062E-4,0.001457482762,0.001930654687,0.001980409311,0.001627900172,9.74112787E-4,1.73497012E-4,-6.01340715E-4,-0.001196025121,-0.001504372015,-0.001486281127,-0.001170813031,-6.44943583E-4,-3.1388527E-5,5.39125798E-4,9.55043579E-4,0.001145096653,0.001089519052,8.19857746E-4,4.08340636E-4,-5.0169605E-5,-4.59331306E-4,-7.41001079E-4,-8.49531231E-4,-7.78220728E-4,-5.57275872E-4,-2.44436778E-4,8.9168885E-5,3.74629841E-4,5.58995316E-4,6.14523822E-4,5.41964496E-4,3.6775795E-4,1.36298502E-4,-1.00699784E-4,-2.95297036E-4,-4.12590031E-4,-4.36451592E-4,-3.70940338E-4,-2.37532632E-4,-6.9155702E-5,9.7458736E-5,2.2940631E-4,3.03718776E-4,3.10907812E-4,2.55522273E-4,1.53928338E-4,3.0036563E-5,-8.9988994E-5,-1.82930768E-4,-2.32664067E-4,-2.32594286E-4,-1.86116785E-4,-1.05215551E-4,-7.629411E-6,8.6787965E-5,1.59820299E-4,1.98111199E-4,1.95359009E-4,1.53186938E-4" />
  <parameter name="coeffSetScaleValueImag" value="0.0,0.0,0.0,0.0,0.0,0.0,0.0,0.0" />
  <parameter name="chanPerInputInterface" value="1" />
  <parameter name="deviceFamily" value="MAX 10" />
  <parameter name="dspCount" value="3" />
  <parameter name="outType" value="int" />
  <parameter name="symmetryMode" value="nsym" />
  <parameter name="outLsbBitRem" value="0" />
  <parameter name="decimFactor" value="1" />
  <parameter name="ModeWidth" value="0" />
  <parameter name="memBitCount" value="8392" />
  <parameter name="outputInterfaceNum" value="1" />
  <parameter name="filterType" value="single" />
  <parameter name="backPressure" value="true" />
  <parameter name="inputBitWidth" value="12" />
  <parameter name="coeffScaling" value="auto" />
  <parameter name="outFullFracBitWidth" value="0" />
  <parameter name="coeffNum" value="257" />
  <parameter name="busDataWidth" value="16" />
  <parameter name="coeffComplex" value="false" />
  <parameter name="outputfifodepth_realOnly" value="3" />
  <parameter name="inputChannelNum" value="1" />
  <parameter name="channelModes" value="0,1,2,3" />
  <parameter
     name="coeffSetScaleValue"
     value="0.0001427955897928676,0.0001427955897928676,0.0001427955897928676,0.0001427955897928676,7.13977948964338e-5,0.0,-7.13977948964338e-5,-0.0001427955897928676,-0.0002141933846893014,-0.0002141933846893014,-0.0001427955897928676,-7.13977948964338e-5,0.0,0.0001427955897928676,0.0002141933846893014,0.0002855911795857352,0.0002855911795857352,0.0002141933846893014,7.13977948964338e-5,0.0,-0.0002141933846893014,-0.00035698897448216904,-0.0004283867693786028,-0.00035698897448216904,-0.0002855911795857352,-7.13977948964338e-5,7.13977948964338e-5,0.00035698897448216904,0.0004997845642750366,0.0005711823591714704,0.0004997845642750366,0.00035698897448216904,7.13977948964338e-5,-0.0002141933846893014,-0.0004997845642750366,-0.0007139779489643381,-0.0007853757438607719,-0.0007139779489643381,-0.0004283867693786028,0.0,0.00035698897448216904,0.0007853757438607719,0.001070966923446507,0.0011423647183429408,0.0009281713336536394,0.0004997845642750366,0.0,-0.0006425801540679042,-0.0011423647183429408,-0.0014279558979286761,-0.00149935369282511,-0.0011423647183429408,-0.0005711823591714704,0.0001427955897928676,0.0009281713336536394,0.0015707514877215437,0.0019277404622037126,0.0019277404622037126,0.0014279558979286761,0.0005711823591714704,-0.00035698897448216904,-0.0013565581030322421,-0.002141933846893014,-0.0025703206162716167,-0.002427525026478749,-0.0017135470775144113,-0.0005711823591714704,0.0007139779489643381,0.0019991382571001464,0.002927309590753786,0.003284298565235955,0.00299870738565022,0.0019991382571001464,0.0004997845642750366,-0.0012137625132393746,-0.002784514000960918,-0.0038554809244074253,-0.004212469898889595,-0.003641287539718124,-0.0022847294366858816,-0.0002855911795857352,0.0018563426673072789,0.0037840831295109915,0.0050692434376468,0.005354834617232535,0.0044266632835788956,0.002498922821375183,-7.13977948964338e-5,-0.0028559117958573523,-0.005212039027439668,-0.006639994925368343,-0.006782790515161211,-0.0054262324121289686,-0.0027131162060644843,0.0006425801540679042,0.004283867693786028,0.007211177284539814,0.008853326567157791,0.008710530977364924,0.006639994925368343,0.002927309590753786,-0.0016421492826179775,-0.006425801540679042,-0.010209884670190034,-0.01220902292729018,-0.01163784056811871,-0.008496337592675622,-0.0031415029754430874,0.0034984919499252564,0.0101384868752936,0.015421923697629701,0.017920846519004885,0.016778481800661944,0.011709238363015144,0.003284298565235955,-0.007282575079436248,-0.018063642108797753,-0.026774173086162676,-0.03112943857484514,-0.02927309590753786,-0.019991382571001463,-0.0033556963601323888,0.019777189186312164,0.04733673801633561,0.0764670383340806,0.10388379157431119,0.1263026991717914,0.14101064492045676,0.146151286153,0.14101064492045676,0.1263026991717914,0.10388379157431119,0.0764670383340806,0.04733673801633561,0.019777189186312164,-0.0033556963601323888,-0.019991382571001463,-0.02927309590753786,-0.03112943857484514,-0.026774173086162676,-0.018063642108797753,-0.007282575079436248,0.003284298565235955,0.011709238363015144,0.016778481800661944,0.017920846519004885,0.015421923697629701,0.0101384868752936,0.0034984919499252564,-0.0031415029754430874,-0.008496337592675622,-0.01163784056811871,-0.01220902292729018,-0.010209884670190034,-0.006425801540679042,-0.0016421492826179775,0.002927309590753786,0.006639994925368343,0.008710530977364924,0.008853326567157791,0.007211177284539814,0.004283867693786028,0.0006425801540679042,-0.0027131162060644843,-0.0054262324121289686,-0.006782790515161211,-0.006639994925368343,-0.005212039027439668,-0.0028559117958573523,-7.13977948964338e-5,0.002498922821375183,0.0044266632835788956,0.005354834617232535,0.0050692434376468,0.0037840831295109915,0.0018563426673072789,-0.0002855911795857352,-0.0022847294366858816,-0.003641287539718124,-0.004212469898889595,-0.0038554809244074253,-0.002784514000960918,-0.0012137625132393746,0.0004997845642750366,0.0019991382571001464,0.00299870738565022,0.003284298565235955,0.002927309590753786,0.0019991382571001464,0.0007139779489643381,-0.0005711823591714704,-0.0017135470775144113,-0.002427525026478749,-0.0025703206162716167,-0.002141933846893014,-0.0013565581030322421,-0.00035698897448216904,0.0005711823591714704,0.0014279558979286761,0.0019277404622037126,0.0019277404622037126,0.0015707514877215437,0.0009281713336536394,0.0001427955897928676,-0.0005711823591714704,-0.0011423647183429408,-0.00149935369282511,-0.0014279558979286761,-0.0011423647183429408,-0.0006425801540679042,0.0,0.0004997845642750366,0.0009281713336536394,0.0011423647183429408,0.001070966923446507,0.0007853757438607719,0.00035698897448216904,0.0,-0.0004283867693786028,-0.0007139779489643381,-0.0007853757438607719,-0.0007139779489643381,-0.0004997845642750366,-0.0002141933846893014,7.13977948964338e-5,0.00035698897448216904,0.0004997845642750366,0.0005711823591714704,0.0004997845642750366,0.00035698897448216904,7.13977948964338e-5,-7.13977948964338e-5,-0.0002855911795857352,-0.00035698897448216904,-0.0004283867693786028,-0.00035698897448216904,-0.0002141933846893014,0.0,7.13977948964338e-5,0.0002141933846893014,0.0002855911795857352,0.0002855911795857352,0.0002141933846893014,0.0001427955897928676,0.0,-7.13977948964338e-5,-0.0001427955897928676,-0.0002141933846893014,-0.0002141933846893014,-0.0001427955897928676,-7.13977948964338e-5,0.0,7.13977948964338e-5,0.0001427955897928676,0.0001427955897928676,0.0001427955897928676,0.0001427955897928676" />
  <parameter name="latency" value="20" />
  <parameter name="lutCount" value="289" />
  <parameter name="outFracBitWidth" value="0" />
  <parameter name="outputfifodepth" value="4" />
  <parameter name="clockRate" value="96" />
  <parameter name="readWriteMode" value="read_write" />
  <parameter name="reconfigurable" value="false" />
  <parameter name="outWidth" value="33" />
  <parameter name="coeffFracBitWidth" value="0" />
  <parameter
     name="coeffSetFixedValue"
     value="2,2,2,2,1,0,-1,-2,-3,-3,-2,-1,0,2,3,4,4,3,1,0,-3,-5,-6,-5,-4,-1,1,5,7,8,7,5,1,-3,-7,-10,-11,-10,-6,0,5,11,15,16,13,7,0,-9,-16,-20,-21,-16,-8,2,13,22,27,27,20,8,-5,-19,-30,-36,-34,-24,-8,10,28,41,46,42,28,7,-17,-39,-54,-59,-51,-32,-4,26,53,71,75,62,35,-1,-40,-73,-93,-95,-76,-38,9,60,101,124,122,93,41,-23,-90,-143,-171,-163,-119,-44,49,142,216,251,235,164,46,-102,-253,-375,-436,-410,-280,-47,277,663,1071,1455,1769,1975,2047,1975,1769,1455,1071,663,277,-47,-280,-410,-436,-375,-253,-102,46,164,235,251,216,142,49,-44,-119,-163,-171,-143,-90,-23,41,93,122,124,101,60,9,-38,-76,-95,-93,-73,-40,-1,35,62,75,71,53,26,-4,-32,-51,-59,-54,-39,-17,7,28,42,46,41,28,10,-8,-24,-34,-36,-30,-19,-5,8,20,27,27,22,13,2,-8,-16,-21,-20,-16,-9,0,7,13,16,15,11,5,0,-6,-10,-11,-10,-7,-3,1,5,7,8,7,5,1,-1,-4,-5,-6,-5,-3,0,1,3,4,4,3,2,0,-1,-2,-3,-3,-2,-1,0,1,2,2,2,2" />
  <parameter name="modeFormatted" value="--" />
  <parameter name="mRAMThreshold" value="1000000" />
  <parameter name="bankCount" value="1" />
  <parameter name="interpFactor" value="1" />
  <parameter name="outWidth_realOnly" value="33" />
  <parameter name="errorList" value="0" />
  <parameter name="L_bandsFilter" value="1" />
  <parameter name="clockSlack" value="0" />
  <parameter name="outMsbBitRem" value="0" />
  <parameter name="reconfigurable_list" value="0" />
  <parameter name="dualMemDistRAMThreshold" value="1280" />
  <parameter name="latency_realOnly" value="20" />
  <parameter name="inputRate" value="0.820513" />
  <parameter name="coefficientReadback" value="false" />
  <parameter name="bankInWidth" value="0" />
  <parameter name="hardMultiplierThreshold" value="-1" />
  <generatedFiles>
   <file
       path="D:/FPGA/ad9226_fft_spi_7.20/prj/ip_FSK_lowpass/FSK_lowpass/synthesis/submodules/dspba_library_package.vhd"
       type="VHDL"
       attributes="" />
   <file
       path="D:/FPGA/ad9226_fft_spi_7.20/prj/ip_FSK_lowpass/FSK_lowpass/synthesis/submodules/dspba_library.vhd"
       type="VHDL"
       attributes="" />
   <file
       path="D:/FPGA/ad9226_fft_spi_7.20/prj/ip_FSK_lowpass/FSK_lowpass/synthesis/submodules/auk_dspip_math_pkg_hpfir.vhd"
       type="VHDL"
       attributes="" />
   <file
       path="D:/FPGA/ad9226_fft_spi_7.20/prj/ip_FSK_lowpass/FSK_lowpass/synthesis/submodules/auk_dspip_lib_pkg_hpfir.vhd"
       type="VHDL"
       attributes="" />
   <file
       path="D:/FPGA/ad9226_fft_spi_7.20/prj/ip_FSK_lowpass/FSK_lowpass/synthesis/submodules/auk_dspip_avalon_streaming_controller_hpfir.vhd"
       type="VHDL"
       attributes="" />
   <file
       path="D:/FPGA/ad9226_fft_spi_7.20/prj/ip_FSK_lowpass/FSK_lowpass/synthesis/submodules/auk_dspip_avalon_streaming_sink_hpfir.vhd"
       type="VHDL"
       attributes="" />
   <file
       path="D:/FPGA/ad9226_fft_spi_7.20/prj/ip_FSK_lowpass/FSK_lowpass/synthesis/submodules/auk_dspip_avalon_streaming_source_hpfir.vhd"
       type="VHDL"
       attributes="" />
   <file
       path="D:/FPGA/ad9226_fft_spi_7.20/prj/ip_FSK_lowpass/FSK_lowpass/synthesis/submodules/auk_dspip_roundsat_hpfir.vhd"
       type="VHDL"
       attributes="" />
   <file
       path="D:/FPGA/ad9226_fft_spi_7.20/prj/ip_FSK_lowpass/FSK_lowpass/synthesis/submodules/altera_avalon_sc_fifo.v"
       type="VERILOG"
       attributes="" />
   <file
       path="D:/FPGA/ad9226_fft_spi_7.20/prj/ip_FSK_lowpass/FSK_lowpass/synthesis/submodules/FSK_lowpass_fir_compiler_ii_0_rtl_core_u0_m0_wo0_cm0_lutmem.hex"
       type="HEX"
       attributes="" />
   <file
       path="D:/FPGA/ad9226_fft_spi_7.20/prj/ip_FSK_lowpass/FSK_lowpass/synthesis/submodules/FSK_lowpass_fir_compiler_ii_0_rtl_core_u0_m0_wo0_cm1_lutmem.hex"
       type="HEX"
       attributes="" />
   <file
       path="D:/FPGA/ad9226_fft_spi_7.20/prj/ip_FSK_lowpass/FSK_lowpass/synthesis/submodules/FSK_lowpass_fir_compiler_ii_0_rtl_core_u0_m0_wo0_cm2_lutmem.hex"
       type="HEX"
       attributes="" />
   <file
       path="D:/FPGA/ad9226_fft_spi_7.20/prj/ip_FSK_lowpass/FSK_lowpass/synthesis/submodules/FSK_lowpass_fir_compiler_ii_0_rtl_core_u0_m0_wo0_wi0_r0_ra2_count1_lut_lutmem.hex"
       type="HEX"
       attributes="" />
   <file
       path="D:/FPGA/ad9226_fft_spi_7.20/prj/ip_FSK_lowpass/FSK_lowpass/synthesis/submodules/FSK_lowpass_fir_compiler_ii_0_rtl_core.vhd"
       type="VHDL"
       attributes="" />
   <file
       path="D:/FPGA/ad9226_fft_spi_7.20/prj/ip_FSK_lowpass/FSK_lowpass/synthesis/submodules/FSK_lowpass_fir_compiler_ii_0_ast.vhd"
       type="VHDL"
       attributes="" />
   <file
       path="D:/FPGA/ad9226_fft_spi_7.20/prj/ip_FSK_lowpass/FSK_lowpass/synthesis/submodules/FSK_lowpass_fir_compiler_ii_0.vhd"
       type="VHDL"
       attributes="" />
  </generatedFiles>
  <childGeneratedFiles/>
  <sourceFiles>
   <file
       path="D:/intelfpga/17.1/ip/altera/dsp/altera_fir_compiler_ii/src/HP_FIR_hw.tcl" />
  </sourceFiles>
  <childSourceFiles/>
  <instantiator instantiator="FSK_lowpass" as="fir_compiler_ii_0" />
  <messages>
   <message level="Debug" culprit="FSK_lowpass">queue size: 0 starting:altera_fir_compiler_ii "submodules/FSK_lowpass_fir_compiler_ii_0"</message>
   <message level="Debug" culprit="fir_compiler_ii_0"><![CDATA[D:/intelfpga/17.1/quartus/dspba/backend/windows64/fir_ip_api_interface FSK_lowpass_fir_compiler_ii_0_rtl_core . MAX10 medium 0 96 1 0.820513 257 1 1 1 nsym 1 12 0 12 0 0 false false -- 16 9 20 1280 1000000 -1 true true 1 -- <<< 2,2,2,2,1,0,-1,-2,-3,-3,-2,-1,0,2,3,4,4,3,1,0,-3,-5,-6,-5,-4,-1,1,5,7,8,7,5,1,-3,-7,-10,-11,-10,-6,0,5,11,15,16,13,7,0,-9,-16,-20,-21,-16,-8,2,13,22,27,27,20,8,-5,-19,-30,-36,-34,-24,-8,10,28,41,46,42,28,7,-17,-39,-54,-59,-51,-32,-4,26,53,71,75,62,35,-1,-40,-73,-93,-95,-76,-38,9,60,101,124,122,93,41,-23,-90,-143,-171,-163,-119,-44,49,142,216,251,235,164,46,-102,-253,-375,-436,-410,-280,-47,277,663,1071,1455,1769,1975,2047,1975,1769,1455,1071,663,277,-47,-280,-410,-436,-375,-253,-102,46,164,235,251,216,142,49,-44,-119,-163,-171,-143,-90,-23,41,93,122,124,101,60,9,-38,-76,-95,-93,-73,-40,-1,35,62,75,71,53,26,-4,-32,-51,-59,-54,-39,-17,7,28,42,46,41,28,10,-8,-24,-34,-36,-30,-19,-5,8,20,27,27,22,13,2,-8,-16,-21,-20,-16,-9,0,7,13,16,15,11,5,0,-6,-10,-11,-10,-7,-3,1,5,7,8,7,5,1,-1,-4,-5,-6,-5,-3,0,1,3,4,4,3,2,0,-1,-2,-3,-3,-2,-1,0,1,2,2,2,2 ]]></message>
   <message level="Debug" culprit="fir_compiler_ii_0"><![CDATA[OUTPARAMS -interp=1 -decim=1 -incycles=116 -len=257 -bankcount=1 -nsym -nband=1 -chans=1 -family="MAX 10" 
|{}|1|1|1|1|33|0|20|3|true|LUTS: 289 DSPs: 3 RAM Bits: 8392|FSK_lowpass_fir_compiler_ii_0_rtl_core.vhd|FSK_lowpass_fir_compiler_ii_0_rtl_core_u0_m0_wo0_wi0_r0_ra2_count1_lut_lutmem.hex|FSK_lowpass_fir_compiler_ii_0_rtl_core_u0_m0_wo0_cm0_lutmem.hex|FSK_lowpass_fir_compiler_ii_0_rtl_core_u0_m0_wo0_cm1_lutmem.hex|FSK_lowpass_fir_compiler_ii_0_rtl_core_u0_m0_wo0_cm2_lutmem.hex|FSK_lowpass_fir_compiler_ii_0_rtl_core_u0_m0_wo0_wi0_r0_ra2_count1_lut_lutmem.hex|FSK_lowpass_fir_compiler_ii_0_rtl_core_u0_m0_wo0_cm0_lutmem.hex|FSK_lowpass_fir_compiler_ii_0_rtl_core_u0_m0_wo0_cm1_lutmem.hex|FSK_lowpass_fir_compiler_ii_0_rtl_core_u0_m0_wo0_cm2_lutmem.hex|]]></message>
   <message level="Info" culprit="fir_compiler_ii_0">PhysChanIn 1, PhysChanOut 1, ChansPerPhyIn 1, ChansPerPhyOut 1, OutputFullBitWidth 33, Bankcount 1, Latency 20, CoefBitWidth 12</message>
   <message level="Info" culprit="fir_compiler_ii_0"><![CDATA["<b>FSK_lowpass</b>" instantiated <b>altera_fir_compiler_ii</b> "<b>fir_compiler_ii_0</b>"]]></message>
  </messages>
 </entity>
</deploy>
